Student_ID,Student_Name,College_Name,Total_Sessions,Sessions_Attended,Average_Attendance_Minutes,Attendance_Percentage,Attendance_Std,Consistency_Score,Domain_Participation_Count,Engagement_Score,Certified,Predicted_Certified
ST0001,Sai Reddy,VIT AP,40,37,48.7,92.5,14.72,85.28,1,76.83,1,1
ST0002,Rohit Gupta,Narasaraopeta Engg,40,30,40.98,75.0,24.18,75.82,1,65.25,0,0
ST0003,Harsha Kumar,VNR VJIET,40,28,37.38,70.0,25.01,74.99,1,62.5,0,0
ST0004,Praveen Gupta,Gudlavalleru Engg,40,33,43.48,82.5,20.68,79.32,1,70.05,1,1
ST0005,Varun Patel,Andhra Loyola,40,27,35.9,67.5,25.5,74.5,1,61.1,0,0
ST0006,Vikram Gupta,Prasad V Potluri,40,30,40.0,75.0,23.75,76.25,1,65.38,0,0
ST0007,Teja Patel,JNTUH,40,24,31.35,60.0,26.14,73.86,1,57.16,0,0
ST0008,Teja Verma,RGUKT,40,24,31.42,60.0,26.2,73.8,1,57.14,0,0
ST0009,Vikram Singh,Gudlavalleru Engg,40,36,46.3,90.0,16.2,83.8,1,75.14,1,1
ST0010,Teja Kumar,RGUKT,40,37,49.65,92.5,14.87,85.13,1,76.79,1,1
ST0011,Divya Verma,NRI Institute,40,40,51.4,100.0,4.07,95.93,1,83.78,1,1
ST0012,Varun Rao,GITAM,40,32,41.08,80.0,21.21,78.79,1,68.64,1,1
ST0013,Teja Gupta,LBRCE,40,31,41.25,77.5,22.97,77.03,1,66.86,0,0
ST0014,Rohit Patel,VNR VJIET,40,40,52.8,100.0,5.04,94.96,1,83.49,1,1
ST0015,Nikhil Patel,KITS,40,29,38.33,72.5,24.2,75.8,1,63.99,0,0
ST0016,Akhil Patel,LBRCE,40,37,49.35,92.5,15.04,84.96,1,76.74,1,1
ST0017,Akhil Rao,VNR VJIET,40,31,41.72,77.5,23.15,76.85,1,66.8,0,0
ST0018,Pooja Reddy,Prasad V Potluri,40,28,36.92,70.0,24.81,75.19,1,62.56,0,0
ST0019,Teja Yadav,Bapatla Engg,40,35,46.25,87.5,18.26,81.74,1,73.27,1,1
ST0020,Nikhil Reddy,CBIT,40,39,50.88,97.5,9.37,90.63,1,80.94,1,1
ST0021,Rohit Singh,AEC,40,34,43.75,85.0,19.07,80.93,1,71.78,1,1
ST0022,Teja Rao,JNTUK,40,27,35.95,67.5,25.54,74.46,1,61.09,0,0
ST0023,Sai Patel,JNTUH,40,25,32.42,62.5,25.7,74.3,1,58.54,0,0
ST0024,Varun Verma,ANITS,40,40,51.48,100.0,4.59,95.41,1,83.62,1,1
ST0025,Akhil Kumar,Gudlavalleru Engg,40,24,31.58,60.0,26.26,73.74,1,57.12,0,0
ST0026,Arjun Naidu,JNTUK,40,30,39.25,75.0,23.4,76.6,1,65.48,0,0
ST0027,Pooja Sharma,KITS,40,40,51.72,100.0,4.67,95.33,1,83.6,1,1
ST0028,Arjun Rao,VNR VJIET,40,21,27.6,52.5,26.84,73.16,1,53.2,0,0
ST0029,Keerthana Rao,Gudlavalleru Engg,40,31,40.92,77.5,22.78,77.22,1,66.92,0,0
ST0030,Teja Kumar,Andhra Loyola,40,32,41.02,80.0,21.23,78.77,1,68.63,1,1
ST0031,Harsha Kumar,Malla Reddy,40,38,50.48,95.0,12.56,87.44,1,78.73,1,1
ST0032,Pooja Rao,Prasad V Potluri,40,38,49.08,95.0,12.32,87.68,1,78.8,1,1
ST0033,Varun Gupta,ANITS,40,34,44.2,85.0,19.33,80.67,1,71.7,1,1
ST0034,Akhil Singh,Malla Reddy,40,30,38.22,75.0,22.64,77.36,1,65.71,0,0
ST0035,Nikhil Patel,KITS,40,39,50.22,97.5,9.48,90.52,1,80.91,1,1
ST0036,Akhil Singh,JNTUH,40,34,44.9,85.0,19.69,80.31,1,71.59,1,1
ST0037,Rohit Patel,MREC,40,32,42.38,80.0,21.83,78.17,1,68.45,1,1
ST0038,Vikram Yadav,RVRJC,40,25,33.55,62.5,26.67,73.33,1,58.25,0,0
ST0039,Nikhil Kumar,JNTUH,40,38,51.22,95.0,12.56,87.44,1,78.73,1,1
ST0040,Praveen Singh,Gudlavalleru Engg,40,35,45.22,87.5,17.94,82.06,1,73.37,1,1
ST0041,Anil Singh,Aditya Engineering,40,22,27.88,55.0,25.75,74.25,1,54.78,0,0
ST0042,Anil Sharma,MREC,40,35,45.8,87.5,18.13,81.87,1,73.31,1,1
ST0043,Vikram Reddy,CMR College,40,25,32.22,62.5,25.54,74.46,1,58.59,0,0
ST0044,Jay Gupta,SRM AP,40,22,28.45,55.0,26.31,73.69,1,54.61,0,0
ST0045,Keerthana Patel,JNTUK,40,26,34.12,65.0,25.63,74.37,1,59.81,0,0
ST0046,Jay Naidu,VNR VJIET,40,32,40.65,80.0,20.96,79.04,1,68.71,1,1
ST0047,Sanjay Gupta,Narasaraopeta Engg,40,29,38.6,72.5,24.32,75.68,1,63.95,0,0
ST0048,Arjun Singh,CBIT,40,37,48.6,92.5,14.58,85.42,1,76.88,1,1
ST0049,Teja Yadav,NRI Institute,40,33,43.5,82.5,20.78,79.22,1,70.02,1,1
ST0050,Teja Kumar,Gudlavalleru Engg,40,40,53.35,100.0,4.84,95.16,1,83.55,1,1
ST0051,Rohit Yadav,JNTUH,40,23,30.2,57.5,26.54,73.46,1,55.79,0,0
ST0052,Divya Kumar,KL University,40,26,34.2,65.0,25.68,74.32,1,59.8,0,0
ST0053,Pooja Sharma,NRI Institute,40,25,32.22,62.5,25.57,74.43,1,58.58,0,0
ST0054,Vikram Naidu,JNTUK,40,30,39.95,75.0,23.61,76.39,1,65.42,0,0
ST0055,Varun Yadav,JNTUK,40,39,50.12,97.5,9.25,90.75,1,80.98,1,1
ST0056,Rahul Sharma,Gudlavalleru Engg,40,40,54.02,100.0,4.5,95.5,1,83.65,1,1
ST0057,Divya Singh,RGUKT,40,29,38.78,72.5,24.56,75.44,1,63.88,0,0
ST0058,Akhil Naidu,ANITS,40,26,34.7,65.0,26.08,73.92,1,59.68,0,0
ST0059,Rahul Rao,RGUKT,40,40,52.65,100.0,4.32,95.68,1,83.7,1,1
ST0060,Arjun Naidu,Narasaraopeta Engg,40,40,53.42,100.0,4.56,95.44,1,83.63,1,1
ST0061,Anil Naidu,CBIT,40,35,45.98,87.5,18.18,81.82,1,73.3,1,1
ST0062,Rohit Verma,KITS,40,28,36.42,70.0,24.54,75.46,1,62.64,0,0
ST0063,Keerthana Patel,Gudlavalleru Engg,40,23,29.1,57.5,25.71,74.29,1,56.04,0,0
ST0064,Pooja Reddy,VNR VJIET,40,27,35.1,67.5,24.93,75.07,1,61.27,0,0
ST0065,Akhil Gupta,KL University,40,35,45.78,87.5,17.94,82.06,1,73.37,1,1
ST0066,Jay Verma,RGUKT,40,37,48.05,92.5,14.57,85.43,1,76.88,1,1
ST0067,Arjun Yadav,Andhra Loyola,40,32,41.92,80.0,21.68,78.32,1,68.49,1,1
ST0068,Divya Sharma,SRM AP,40,20,26.75,50.0,27.27,72.73,1,51.82,0,0
ST0069,Praveen Gupta,LBRCE,40,38,48.92,95.0,12.23,87.77,1,78.83,1,1
ST0070,Harsha Reddy,MREC,40,27,34.52,67.5,24.54,75.46,1,61.39,0,0
ST0071,Sai Gupta,AEC,40,37,49.2,92.5,14.62,85.38,1,76.86,1,1
ST0072,Pooja Singh,Gudlavalleru Engg,40,40,51.72,100.0,4.69,95.31,1,83.59,1,1
ST0073,Sai Yadav,Malla Reddy,40,29,39.3,72.5,24.79,75.21,1,63.81,0,0
ST0074,Harsha Verma,MREC,40,36,45.45,90.0,15.95,84.05,1,75.22,1,1
ST0075,Teja Yadav,Narasaraopeta Engg,40,30,39.33,75.0,23.35,76.65,1,65.5,0,0
ST0076,Teja Yadav,VVIT,40,36,46.8,90.0,16.41,83.59,1,75.08,1,1
ST0077,Anil Naidu,RVRJC,40,31,41.32,77.5,22.85,77.15,1,66.89,0,0
ST0078,Arjun Patel,VIT AP,40,32,42.88,80.0,22.15,77.85,1,68.36,1,1
ST0079,Arjun Gupta,SRM AP,40,33,44.3,82.5,21.06,78.94,1,69.93,1,1
ST0080,Rohit Singh,Prasad V Potluri,40,32,42.2,80.0,21.75,78.25,1,68.48,1,1
ST0081,Sanjay Patel,KL University,40,16,21.12,40.0,26.33,73.67,1,47.1,0,0
ST0082,Arjun Reddy,KITS,40,39,51.82,97.5,9.66,90.34,1,80.85,1,1
ST0083,Arjun Singh,KL University,40,34,45.78,85.0,19.93,80.07,1,71.52,1,1
ST0084,Sanjay Gupta,AEC,40,16,20.82,40.0,25.98,74.02,1,47.21,0,0
ST0085,Rohit Sharma,RVRJC,40,26,34.65,65.0,26.02,73.98,1,59.69,0,0
ST0086,Arjun Sharma,GITAM,40,36,46.65,90.0,16.3,83.7,1,75.11,1,1
ST0087,Teja Reddy,Malla Reddy,40,31,40.95,77.5,22.77,77.23,1,66.92,0,0
ST0088,Rohit Verma,CBIT,40,36,46.85,90.0,16.27,83.73,1,75.12,1,1
ST0089,Kiran Kumar,ANITS,40,26,34.2,65.0,25.65,74.35,1,59.81,0,0
ST0090,Praveen Gupta,Prasad V Potluri,40,27,34.85,67.5,24.82,75.18,1,61.3,0,0
ST0091,Harsha Patel,KL University,40,28,37.12,70.0,24.82,75.18,1,62.55,0,0
ST0092,Sanjay Sharma,Andhra Loyola,40,32,41.32,80.0,21.36,78.64,1,68.59,1,1
ST0093,Varun Kumar,Gudlavalleru Engg,40,35,45.52,87.5,18.04,81.96,1,73.34,1,1
ST0094,Teja Verma,Narasaraopeta Engg,40,29,37.62,72.5,23.8,76.2,1,64.11,0,0
ST0095,Varun Kumar,Prasad V Potluri,40,40,54.8,100.0,4.33,95.67,1,83.7,1,1
ST0096,Harsha Yadav,VNR VJIET,40,33,42.2,82.5,20.04,79.96,1,70.24,1,1
ST0097,Kiran Naidu,KL University,40,35,46.5,87.5,18.39,81.61,1,73.23,1,1
ST0098,Varun Verma,Gudlavalleru Engg,40,31,39.98,77.5,22.17,77.83,1,67.1,0,0
ST0099,Arjun Naidu,JNTUH,40,19,24.38,47.5,26.15,73.85,1,50.91,0,0
ST0100,Sanjay Patel,ANITS,40,22,30.22,55.0,27.83,72.17,1,54.15,0,0
ST0101,Sai Singh,Prasad V Potluri,40,38,49.75,95.0,12.41,87.59,1,78.78,1,1
ST0102,Divya Patel,Gudlavalleru Engg,40,34,44.05,85.0,19.14,80.86,1,71.76,1,1
ST0103,Sanjay Kumar,MREC,40,36,47.0,90.0,16.48,83.52,1,75.06,1,1
ST0104,Praveen Verma,NRI Institute,40,32,41.1,80.0,21.21,78.79,1,68.64,1,1
ST0105,Divya Patel,Prasad V Potluri,40,37,49.78,92.5,15.01,84.99,1,76.75,1,1
ST0106,Praveen Verma,KL University,40,38,50.02,95.0,12.54,87.46,1,78.74,1,1
ST0107,Nikhil Patel,ANITS,40,18,23.65,45.0,26.58,73.42,1,49.52,0,0
ST0108,Anil Singh,SRM AP,40,40,51.82,100.0,4.27,95.73,1,83.72,1,1
ST0109,Nikhil Patel,SRM AP,40,31,41.0,77.5,22.68,77.32,1,66.95,0,0
ST0110,Divya Patel,SRM AP,40,36,48.12,90.0,16.85,83.15,1,74.94,1,1
ST0111,Arjun Patel,GITAM,40,31,40.88,77.5,22.61,77.39,1,66.97,0,0
ST0112,Vikram Verma,LBRCE,40,21,27.68,52.5,26.83,73.17,1,53.2,0,0
ST0113,Varun Yadav,Andhra Loyola,40,37,49.58,92.5,14.85,85.15,1,76.8,1,1
ST0114,Arjun Naidu,Malla Reddy,40,27,36.1,67.5,25.64,74.36,1,61.06,0,0
ST0115,Arjun Singh,CBIT,40,25,33.6,62.5,26.55,73.45,1,58.28,0,0
ST0116,Sanjay Rao,Andhra Loyola,40,26,34.83,65.0,26.14,73.86,1,59.66,0,0
ST0117,Jay Patel,KL University,40,23,31.18,57.5,27.34,72.66,1,55.55,0,0
ST0118,Rahul Rao,Narasaraopeta Engg,40,31,40.3,77.5,22.39,77.61,1,67.03,0,0
ST0119,Arjun Naidu,Malla Reddy,40,29,38.25,72.5,24.22,75.78,1,63.98,0,0
ST0120,Pooja Gupta,NRI Institute,40,28,36.5,70.0,24.6,75.4,1,62.62,0,0
ST0121,Rohit Patel,CBIT,40,40,53.45,100.0,4.61,95.39,1,83.62,1,1
ST0122,Praveen Reddy,VNR VJIET,40,28,36.55,70.0,24.65,75.35,1,62.6,0,0
ST0123,Akhil Naidu,CMR College,40,32,42.22,80.0,21.75,78.25,1,68.48,1,1
ST0124,Keerthana Kumar,CBIT,40,31,40.5,77.5,22.49,77.51,1,67.0,0,0
ST0125,Nikhil Naidu,RVRJC,40,25,32.9,62.5,26.11,73.89,1,58.42,0,0
ST0126,Rahul Patel,Gudlavalleru Engg,40,17,22.92,42.5,27.18,72.82,1,48.09,0,0
ST0127,Sanjay Kumar,Malla Reddy,40,24,32.55,60.0,27.13,72.87,1,56.86,0,0
ST0128,Sanjay Singh,Gudlavalleru Engg,40,27,36.48,67.5,25.94,74.06,1,60.97,0,0
ST0129,Teja Yadav,Aditya Engineering,40,32,41.55,80.0,21.38,78.62,1,68.59,1,1
ST0130,Nikhil Kumar,SRM AP,40,32,41.6,80.0,21.48,78.52,1,68.56,1,1
ST0131,Rohit Yadav,Prasad V Potluri,40,40,51.92,100.0,4.19,95.81,1,83.74,1,1
ST0132,Keerthana Gupta,Gudlavalleru Engg,40,35,46.35,87.5,18.29,81.71,1,73.26,1,1
ST0133,Pooja Verma,Narasaraopeta Engg,40,40,51.35,100.0,4.34,95.66,1,83.7,1,1
ST0134,Rohit Kumar,Malla Reddy,40,25,32.6,62.5,25.87,74.13,1,58.49,0,0
ST0135,Vikram Verma,RVRJC,40,21,28.48,52.5,27.64,72.36,1,52.96,0,0
ST0136,Akhil Verma,CBIT,40,31,40.75,77.5,22.6,77.4,1,66.97,0,0
ST0137,Rahul Sharma,SRM AP,40,38,50.92,95.0,12.88,87.12,1,78.63,1,1
ST0138,Sanjay Gupta,ANITS,40,29,38.2,72.5,24.17,75.83,1,64.0,0,0
ST0139,Anil Verma,ANITS,40,38,50.0,95.0,12.46,87.54,1,78.76,1,1
ST0140,Keerthana Reddy,Andhra Loyola,40,40,51.5,100.0,4.93,95.07,1,83.52,1,1
ST0141,Keerthana Naidu,JNTUK,40,28,37.75,70.0,25.33,74.67,1,62.4,0,0
ST0142,Pooja Rao,SRM AP,40,30,39.33,75.0,23.33,76.67,1,65.5,0,0
ST0143,Sai Singh,VNR VJIET,40,34,43.88,85.0,19.27,80.73,1,71.72,1,1
ST0144,Arjun Kumar,Andhra Loyola,40,33,42.55,82.5,20.31,79.69,1,70.16,1,1
ST0145,Varun Verma,KITS,40,20,25.38,50.0,25.9,74.1,1,52.23,0,0
ST0146,Varun Reddy,Gudlavalleru Engg,40,29,38.5,72.5,24.26,75.74,1,63.97,0,0
ST0147,Anil Sharma,KITS,40,29,37.35,72.5,23.74,76.26,1,64.13,0,0
ST0148,Divya Verma,MREC,40,33,43.25,82.5,20.57,79.43,1,70.08,1,1
ST0149,Pooja Kumar,Gudlavalleru Engg,40,27,36.15,67.5,25.66,74.34,1,61.05,0,0
ST0150,Varun Rao,NRI Institute,40,35,46.4,87.5,18.22,81.78,1,73.29,1,1
ST0151,Arjun Naidu,Narasaraopeta Engg,40,39,50.95,97.5,9.53,90.47,1,80.89,1,1
ST0152,Teja Sharma,AEC,40,40,52.25,100.0,4.4,95.6,1,83.68,1,1
ST0153,Keerthana Patel,Gudlavalleru Engg,40,34,44.7,85.0,19.55,80.45,1,71.63,1,1
ST0154,Kiran Verma,VVIT,40,33,43.45,82.5,20.79,79.21,1,70.01,1,1
ST0155,Varun Verma,VIT AP,40,20,26.12,50.0,26.63,73.37,1,52.01,0,0
ST0156,Sai Kumar,KITS,40,40,53.6,100.0,4.72,95.28,1,83.58,1,1
ST0157,Divya Kumar,MREC,40,32,40.62,80.0,21.11,78.89,1,68.67,1,1
ST0158,Teja Kumar,Prasad V Potluri,40,25,32.72,62.5,25.88,74.12,1,58.48,0,0
ST0159,Divya Naidu,KITS,40,28,36.95,70.0,24.76,75.24,1,62.57,0,0
ST0160,Pooja Yadav,VNR VJIET,40,31,40.9,77.5,22.68,77.32,1,66.94,0,0
ST0161,Pooja Gupta,CBIT,40,40,52.95,100.0,4.88,95.12,1,83.54,1,1
ST0162,Divya Yadav,Prasad V Potluri,40,29,39.3,72.5,24.75,75.25,1,63.82,0,0
ST0163,Teja Reddy,ANITS,40,24,30.9,60.0,25.87,74.13,1,57.24,0,0
ST0164,Harsha Sharma,GITAM,40,26,34.45,65.0,25.91,74.09,1,59.73,0,0
ST0165,Pooja Singh,LBRCE,40,31,39.95,77.5,22.15,77.85,1,67.1,0,0
ST0166,Praveen Kumar,Andhra Loyola,40,37,49.1,92.5,14.88,85.12,1,76.78,1,1
ST0167,Rahul Yadav,ANITS,40,31,40.33,77.5,22.29,77.71,1,67.06,0,0
ST0168,Rohit Verma,VNR VJIET,40,35,44.58,87.5,17.45,82.55,1,73.52,1,1
ST0169,Pooja Verma,ANITS,40,34,43.88,85.0,19.19,80.81,1,71.74,1,1
ST0170,Anil Sharma,Malla Reddy,40,37,47.8,92.5,14.62,85.38,1,76.86,1,1
ST0171,Arjun Singh,Prasad V Potluri,40,32,43.25,80.0,22.23,77.77,1,68.33,1,1
ST0172,Rahul Patel,Bapatla Engg,40,35,46.25,87.5,18.27,81.73,1,73.27,1,1
ST0173,Keerthana Rao,RVRJC,40,34,43.85,85.0,19.15,80.85,1,71.76,1,1
ST0174,Sanjay Gupta,Bapatla Engg,40,32,41.62,80.0,21.46,78.54,1,68.56,1,1
ST0175,Arjun Reddy,LBRCE,40,28,37.72,70.0,25.36,74.64,1,62.39,0,0
ST0176,Keerthana Gupta,JNTUH,40,24,31.98,60.0,26.62,73.38,1,57.01,0,0
ST0177,Rahul Gupta,MREC,40,31,40.7,77.5,22.67,77.33,1,66.95,0,0
ST0178,Sanjay Reddy,Bapatla Engg,40,28,37.78,70.0,25.4,74.6,1,62.38,0,0
ST0179,Teja Gupta,Malla Reddy,40,34,43.55,85.0,18.96,81.04,1,71.81,1,1
ST0180,Teja Kumar,CBIT,40,38,49.85,95.0,12.14,87.86,1,78.86,1,1
ST0181,Anil Singh,Malla Reddy,40,34,45.7,85.0,19.96,80.04,1,71.51,1,1
ST0182,Rahul Rao,VVIT,40,22,28.82,55.0,26.69,73.31,1,54.49,0,0
ST0183,Akhil Verma,Gudlavalleru Engg,40,40,51.95,100.0,4.77,95.23,1,83.57,1,1
ST0184,Arjun Patel,Gudlavalleru Engg,40,35,45.6,87.5,18.12,81.88,1,73.32,1,1
ST0185,Nikhil Reddy,Gudlavalleru Engg,40,30,39.72,75.0,23.54,76.46,1,65.44,0,0
ST0186,Varun Rao,ANITS,40,38,50.12,95.0,12.22,87.78,1,78.83,1,1
ST0187,Praveen Kumar,VVIT,40,30,40.65,75.0,24.11,75.89,1,65.27,0,0
ST0188,Kiran Kumar,LBRCE,40,40,51.9,100.0,3.47,96.53,1,83.96,1,1
ST0189,Divya Sharma,KITS,40,40,53.7,100.0,4.72,95.28,1,83.58,1,1
ST0190,Varun Yadav,VVIT,40,40,52.08,100.0,4.19,95.81,1,83.74,1,1
ST0191,Anil Kumar,CMR College,40,34,44.98,85.0,19.54,80.46,1,71.64,1,1
ST0192,Nikhil Sharma,JNTUK,40,40,52.48,100.0,4.49,95.51,1,83.65,1,1
ST0193,Akhil Verma,RGUKT,40,31,40.8,77.5,22.61,77.39,1,66.97,0,0
ST0194,Varun Rao,Narasaraopeta Engg,40,35,46.48,87.5,18.27,81.73,1,73.27,1,1
ST0195,Harsha Gupta,RGUKT,40,30,39.28,75.0,23.34,76.66,1,65.5,0,0
ST0196,Anil Kumar,MREC,40,40,51.58,100.0,4.38,95.62,1,83.69,1,1
ST0197,Sanjay Singh,Bapatla Engg,40,35,45.65,87.5,18.08,81.92,1,73.33,1,1
ST0198,Arjun Kumar,CBIT,40,35,46.48,87.5,18.35,81.65,1,73.24,1,1
ST0199,Varun Reddy,KITS,40,32,42.4,80.0,21.83,78.17,1,68.45,1,1
ST0200,Praveen Rao,VVIT,40,39,50.72,97.5,9.55,90.45,1,80.89,1,1
ST0201,Akhil Rao,Aditya Engineering,40,40,51.9,100.0,4.65,95.35,1,83.61,1,1
ST0202,Keerthana Gupta,Aditya Engineering,40,38,50.7,95.0,12.43,87.57,1,78.77,1,1
ST0203,Varun Verma,Prasad V Potluri,40,39,52.22,97.5,9.61,90.39,1,80.87,1,1
ST0204,Harsha Verma,SRM AP,40,40,53.1,100.0,4.74,95.26,1,83.58,1,1
ST0205,Vikram Kumar,KITS,40,29,37.9,72.5,24.04,75.96,1,64.04,0,0
ST0206,Keerthana Singh,ANITS,40,28,37.48,70.0,25.17,74.83,1,62.45,0,0
ST0207,Vikram Yadav,Gudlavalleru Engg,40,31,40.85,77.5,22.76,77.24,1,66.92,0,0
ST0208,Praveen Gupta,Gudlavalleru Engg,40,36,47.42,90.0,16.53,83.47,1,75.04,1,1
ST0209,Rohit Rao,JNTUH,40,36,47.38,90.0,16.53,83.47,1,75.04,1,1
ST0210,Teja Verma,RVRJC,40,34,45.02,85.0,19.66,80.34,1,71.6,1,1
ST0211,Arjun Sharma,CBIT,40,33,43.52,82.5,20.77,79.23,1,70.02,1,1
ST0212,Kiran Singh,JNTUH,40,35,46.1,87.5,18.21,81.79,1,73.29,1,1
ST0213,Anil Rao,AEC,40,30,38.75,75.0,23.06,76.94,1,65.58,0,0
ST0214,Rahul Reddy,GITAM,40,28,37.17,70.0,24.99,75.01,1,62.5,0,0
ST0215,Teja Patel,VVIT,40,40,53.05,100.0,3.89,96.11,1,83.83,1,1
ST0216,Akhil Yadav,CMR College,40,35,45.98,87.5,18.1,81.9,1,73.32,1,1
ST0217,Kiran Rao,Malla Reddy,40,40,51.82,100.0,5.12,94.88,1,83.46,1,1
ST0218,Jay Verma,Gudlavalleru Engg,40,36,47.55,90.0,16.69,83.31,1,74.99,1,1
ST0219,Sai Verma,Bapatla Engg,40,30,39.25,75.0,23.25,76.75,1,65.52,0,0
ST0220,Varun Reddy,KL University,40,40,51.95,100.0,4.92,95.08,1,83.52,1,1
ST0221,Rohit Yadav,Aditya Engineering,40,31,40.5,77.5,22.5,77.5,1,67.0,0,0
ST0222,Vikram Yadav,RGUKT,40,33,43.68,82.5,20.8,79.2,1,70.01,1,1
ST0223,Divya Singh,VIT AP,40,23,29.62,57.5,26.0,74.0,1,55.95,0,0
ST0224,Arjun Gupta,MREC,40,25,32.55,62.5,25.69,74.31,1,58.54,0,0
ST0225,Rahul Naidu,NRI Institute,40,38,48.78,95.0,12.31,87.69,1,78.81,1,1
ST0226,Arjun Naidu,Malla Reddy,40,29,38.6,72.5,24.32,75.68,1,63.95,0,0
ST0227,Sanjay Reddy,VNR VJIET,40,40,53.62,100.0,4.49,95.51,1,83.65,1,1
ST0228,Jay Rao,KITS,40,34,45.08,85.0,19.69,80.31,1,71.59,1,1
ST0229,Nikhil Naidu,MREC,40,29,38.25,72.5,24.21,75.79,1,63.99,0,0
ST0230,Varun Naidu,MREC,40,29,39.38,72.5,24.9,75.1,1,63.78,0,0
ST0231,Sanjay Verma,AEC,40,13,17.45,32.5,25.57,74.43,1,43.58,0,0
ST0232,Jay Singh,LBRCE,40,34,44.72,85.0,19.52,80.48,1,71.64,1,1
ST0233,Divya Singh,KITS,40,36,48.22,90.0,16.83,83.17,1,74.95,1,1
ST0234,Arjun Rao,Gudlavalleru Engg,40,27,35.35,67.5,25.14,74.86,1,61.21,0,0
ST0235,Sai Sharma,MREC,40,40,51.7,100.0,4.4,95.6,1,83.68,1,1
ST0236,Teja Patel,Malla Reddy,40,29,38.33,72.5,24.24,75.76,1,63.98,0,0
ST0237,Rahul Naidu,KL University,40,26,33.65,65.0,25.28,74.72,1,59.92,0,0
ST0238,Jay Reddy,VIT AP,40,39,50.75,97.5,9.5,90.5,1,80.9,1,1
ST0239,Praveen Sharma,Prasad V Potluri,40,36,47.55,90.0,16.71,83.29,1,74.99,1,1
ST0240,Harsha Sharma,RGUKT,40,40,52.58,100.0,4.49,95.51,1,83.65,1,1
ST0241,Varun Yadav,RGUKT,40,37,49.3,92.5,15.15,84.85,1,76.7,1,1
ST0242,Pooja Reddy,VVIT,40,33,43.92,82.5,20.93,79.07,1,69.97,1,1
ST0243,Nikhil Verma,Aditya Engineering,40,40,51.7,100.0,5.06,94.94,1,83.48,1,1
ST0244,Rohit Naidu,JNTUK,40,32,42.6,80.0,21.89,78.11,1,68.43,1,1
ST0245,Jay Kumar,VNR VJIET,40,35,47.28,87.5,18.65,81.35,1,73.15,1,1
ST0246,Rohit Verma,VNR VJIET,40,24,31.5,60.0,26.3,73.7,1,57.11,0,0
ST0247,Jay Sharma,AEC,40,40,53.28,100.0,4.76,95.24,1,83.57,1,1
ST0248,Arjun Sharma,Bapatla Engg,40,39,50.88,97.5,9.15,90.85,1,81.01,1,1
ST0249,Varun Sharma,KL University,40,22,28.72,55.0,26.6,73.4,1,54.52,0,0
ST0250,Keerthana Sharma,LBRCE,40,29,37.88,72.5,23.93,76.07,1,64.07,0,0
ST0251,Kiran Kumar,JNTUH,40,29,38.1,72.5,24.14,75.86,1,64.01,0,0
ST0252,Anil Patel,CBIT,40,26,34.42,65.0,25.83,74.17,1,59.75,0,0
ST0253,Nikhil Sharma,Andhra Loyola,40,38,49.32,95.0,12.13,87.87,1,78.86,1,1
ST0254,Harsha Sharma,KL University,40,24,31.08,60.0,25.95,74.05,1,57.21,0,0
ST0255,Rahul Singh,VIT AP,40,28,36.15,70.0,24.26,75.74,1,62.72,0,0
ST0256,Sai Reddy,RGUKT,40,40,52.2,100.0,4.41,95.59,1,83.68,1,1
ST0257,Pooja Singh,RVRJC,40,38,49.5,95.0,12.33,87.67,1,78.8,1,1
ST0258,Rahul Sharma,JNTUH,40,31,40.12,77.5,22.3,77.7,1,67.06,0,0
ST0259,Keerthana Verma,KL University,40,34,44.15,85.0,19.46,80.54,1,71.66,1,1
ST0260,Praveen Sharma,AEC,40,40,53.78,100.0,4.26,95.74,1,83.72,1,1
ST0261,Kiran Patel,KITS,40,29,38.72,72.5,24.47,75.53,1,63.91,0,0
ST0262,Sai Singh,KITS,40,27,35.92,67.5,25.49,74.51,1,61.1,0,0
ST0263,Teja Singh,VNR VJIET,40,34,45.0,85.0,19.62,80.38,1,71.61,1,1
ST0264,Anil Kumar,LBRCE,40,37,47.88,92.5,14.43,85.57,1,76.92,1,1
ST0265,Arjun Naidu,NRI Institute,40,31,40.65,77.5,22.51,77.49,1,67.0,0,0
ST0266,Rahul Gupta,VNR VJIET,40,29,39.65,72.5,24.95,75.05,1,63.76,0,0
ST0267,Rohit Reddy,NRI Institute,40,37,48.72,92.5,14.93,85.07,1,76.77,1,1
ST0268,Keerthana Verma,Prasad V Potluri,40,40,53.22,100.0,5.08,94.92,1,83.48,1,1
ST0269,Rahul Sharma,RGUKT,40,34,44.38,85.0,19.21,80.79,1,71.74,1,1
ST0270,Vikram Verma,MREC,40,35,46.1,87.5,18.17,81.83,1,73.3,1,1
ST0271,Varun Gupta,Aditya Engineering,40,14,18.42,35.0,25.58,74.42,1,44.83,0,0
ST0272,Sai Yadav,Andhra Loyola,40,31,41.12,77.5,22.89,77.11,1,66.88,0,0
ST0273,Anil Kumar,AEC,40,29,37.5,72.5,23.7,76.3,1,64.14,0,0
ST0274,Rohit Gupta,Bapatla Engg,40,28,37.85,70.0,25.31,74.69,1,62.41,0,0
ST0275,Pooja Sharma,MREC,40,28,37.28,70.0,25.02,74.98,1,62.5,0,0
ST0276,Sai Yadav,KITS,40,24,31.3,60.0,26.18,73.82,1,57.15,0,0
ST0277,Rahul Sharma,RGUKT,40,40,52.25,100.0,4.61,95.39,1,83.62,1,1
ST0278,Vikram Kumar,KITS,40,40,53.6,100.0,4.86,95.14,1,83.54,1,1
ST0279,Harsha Singh,VVIT,40,29,38.55,72.5,24.39,75.61,1,63.93,0,0
ST0280,Jay Rao,ANITS,40,36,47.08,90.0,16.53,83.47,1,75.04,1,1
ST0281,Varun Yadav,VVIT,40,35,45.9,87.5,17.99,82.01,1,73.35,1,1
ST0282,Rohit Rao,Andhra Loyola,40,33,42.7,82.5,20.28,79.72,1,70.17,1,1
ST0283,Rahul Verma,Narasaraopeta Engg,40,20,25.52,50.0,26.08,73.92,1,52.18,0,0
ST0284,Arjun Rao,Bapatla Engg,40,32,42.25,80.0,21.78,78.22,1,68.47,1,1
ST0285,Sai Naidu,GITAM,40,40,52.25,100.0,5.43,94.57,1,83.37,1,1
ST0286,Rahul Gupta,CBIT,40,32,42.22,80.0,21.74,78.26,1,68.48,1,1
ST0287,Divya Patel,NRI Institute,40,23,30.38,57.5,26.66,73.34,1,55.75,0,0
ST0288,Nikhil Singh,NRI Institute,40,30,39.25,75.0,23.3,76.7,1,65.51,0,0
ST0289,Nikhil Sharma,GITAM,40,22,29.25,55.0,27.01,72.99,1,54.4,0,0
ST0290,Sai Singh,CMR College,40,23,29.35,57.5,25.78,74.22,1,56.01,0,0
ST0291,Sai Singh,Malla Reddy,40,35,46.45,87.5,18.34,81.66,1,73.25,1,1
ST0292,Sai Singh,CMR College,40,32,42.58,80.0,21.96,78.04,1,68.41,1,1
ST0293,Vikram Patel,CBIT,40,32,41.48,80.0,21.44,78.56,1,68.57,1,1
ST0294,Praveen Yadav,VNR VJIET,40,24,32.2,60.0,26.89,73.11,1,56.93,0,0
ST0295,Pooja Gupta,LBRCE,40,39,52.55,97.5,9.52,90.48,1,80.89,1,1
ST0296,Praveen Kumar,RGUKT,40,36,48.0,90.0,16.93,83.07,1,74.92,1,1
ST0297,Varun Gupta,VIT AP,40,31,40.7,77.5,22.54,77.46,1,66.99,0,0
ST0298,Sai Singh,Malla Reddy,40,26,34.72,65.0,26.08,73.92,1,59.68,0,0
ST0299,Arjun Yadav,KL University,40,29,38.28,72.5,24.23,75.77,1,63.98,0,0
ST0300,Anil Verma,SRM AP,40,38,49.98,95.0,12.65,87.35,1,78.7,1,1
ST0301,Arjun Singh,Aditya Engineering,40,28,36.22,70.0,24.28,75.72,1,62.72,0,0
ST0302,Arjun Sharma,KITS,40,40,51.35,100.0,4.04,95.96,1,83.79,1,1
ST0303,Jay Gupta,VNR VJIET,40,40,52.85,100.0,3.89,96.11,1,83.83,1,1
ST0304,Varun Rao,Narasaraopeta Engg,40,38,49.15,95.0,12.24,87.76,1,78.83,1,1
ST0305,Varun Reddy,RGUKT,40,22,29.7,55.0,27.46,72.54,1,54.26,0,0
ST0306,Sanjay Verma,Prasad V Potluri,40,32,40.95,80.0,21.17,78.83,1,68.65,1,1
ST0307,Rahul Singh,SRM AP,40,37,48.4,92.5,14.62,85.38,1,76.86,1,1
ST0308,Nikhil Verma,Malla Reddy,40,25,32.17,62.5,25.53,74.47,1,58.59,0,0
ST0309,Kiran Gupta,ANITS,40,34,44.28,85.0,19.52,80.48,1,71.65,1,1
ST0310,Akhil Verma,Aditya Engineering,40,31,41.05,77.5,22.69,77.31,1,66.94,0,0
ST0311,Nikhil Singh,VNR VJIET,40,33,43.72,82.5,20.9,79.1,1,69.98,1,1
ST0312,Varun Rao,KL University,40,40,51.08,100.0,4.45,95.55,1,83.67,1,1
ST0313,Akhil Gupta,JNTUH,40,36,46.62,90.0,16.33,83.67,1,75.1,1,1
ST0314,Kiran Verma,VVIT,40,37,48.3,92.5,14.58,85.42,1,76.88,1,1
ST0315,Kiran Verma,Prasad V Potluri,40,29,38.35,72.5,24.3,75.7,1,63.96,0,0
ST0316,Jay Yadav,JNTUH,40,34,44.5,85.0,19.33,80.67,1,71.7,1,1
ST0317,Arjun Patel,KITS,40,40,52.62,100.0,5.14,94.86,1,83.46,1,1
ST0318,Divya Sharma,RGUKT,40,31,41.3,77.5,22.95,77.05,1,66.87,0,0
ST0319,Pooja Patel,ANITS,40,34,43.95,85.0,19.15,80.85,1,71.75,1,1
ST0320,Kiran Rao,KITS,40,26,33.72,65.0,25.29,74.71,1,59.91,0,0
ST0321,Vikram Reddy,Gudlavalleru Engg,40,32,41.98,80.0,21.6,78.4,1,68.52,1,1
ST0322,Varun Yadav,VVIT,40,34,45.48,85.0,19.85,80.15,1,71.54,1,1
ST0323,Divya Reddy,NRI Institute,40,32,42.08,80.0,21.67,78.33,1,68.5,1,1
ST0324,Anil Rao,Andhra Loyola,40,31,40.95,77.5,22.77,77.23,1,66.92,0,0
ST0325,Vikram Gupta,LBRCE,40,34,44.05,85.0,19.12,80.88,1,71.76,1,1
ST0326,Kiran Naidu,KL University,40,27,35.78,67.5,25.38,74.62,1,61.14,0,0
ST0327,Divya Naidu,Prasad V Potluri,40,40,52.58,100.0,4.55,95.45,1,83.63,1,1
ST0328,Rohit Gupta,CBIT,40,31,40.4,77.5,22.31,77.69,1,67.06,0,0
ST0329,Divya Naidu,Aditya Engineering,40,40,53.32,100.0,4.81,95.19,1,83.56,1,1
ST0330,Keerthana Yadav,RGUKT,40,32,40.72,80.0,21.07,78.93,1,68.68,1,1
ST0331,Divya Reddy,CBIT,40,19,24.9,47.5,26.74,73.26,1,50.73,0,0
ST0332,Akhil Yadav,RVRJC,40,29,37.08,72.5,23.53,76.47,1,64.19,0,0
ST0333,Vikram Kumar,Malla Reddy,40,32,42.9,80.0,22.16,77.84,1,68.35,1,1
ST0334,Harsha Sharma,Aditya Engineering,40,40,51.22,100.0,4.08,95.92,1,83.78,1,1
ST0335,Arjun Verma,NRI Institute,40,26,34.62,65.0,25.96,74.04,1,59.71,0,0
ST0336,Sai Singh,Narasaraopeta Engg,40,31,42.1,77.5,23.29,76.71,1,66.76,0,0
ST0337,Jay Verma,RGUKT,40,29,37.78,72.5,23.94,76.06,1,64.07,0,0
ST0338,Teja Naidu,GITAM,40,39,51.35,97.5,9.21,90.79,1,80.99,1,1
ST0339,Sanjay Gupta,KL University,40,36,48.88,90.0,16.97,83.03,1,74.91,1,1
ST0340,Akhil Gupta,KITS,40,33,43.8,82.5,21.04,78.96,1,69.94,1,1
ST0341,Kiran Patel,VNR VJIET,40,40,52.18,100.0,5.32,94.68,1,83.41,1,1
ST0342,Vikram Yadav,GITAM,40,30,39.62,75.0,23.35,76.65,1,65.49,0,0
ST0343,Rahul Kumar,VVIT,40,38,49.8,95.0,12.45,87.55,1,78.77,1,1
ST0344,Kiran Patel,JNTUK,40,25,33.02,62.5,26.14,73.86,1,58.41,0,0
ST0345,Jay Naidu,JNTUH,40,32,41.8,80.0,21.64,78.36,1,68.51,1,1
ST0346,Teja Yadav,CBIT,40,25,31.55,62.5,25.03,74.97,1,58.74,0,0
ST0347,Anil Rao,Aditya Engineering,40,38,49.02,95.0,12.23,87.77,1,78.83,1,1
ST0348,Nikhil Patel,LBRCE,40,40,51.85,100.0,4.79,95.21,1,83.56,1,1
ST0349,Rohit Naidu,VVIT,40,38,49.68,95.0,12.39,87.61,1,78.78,1,1
ST0350,Pooja Reddy,LBRCE,40,35,47.5,87.5,18.64,81.36,1,73.16,1,1
ST0351,Arjun Reddy,MREC,40,25,33.3,62.5,26.44,73.56,1,58.32,0,0
ST0352,Nikhil Reddy,LBRCE,40,24,31.3,60.0,26.1,73.9,1,57.17,0,0
ST0353,Teja Yadav,MREC,40,25,33.05,62.5,26.18,73.82,1,58.39,0,0
ST0354,Vikram Verma,CMR College,40,24,32.17,60.0,26.89,73.11,1,56.93,0,0
ST0355,Jay Sharma,Prasad V Potluri,40,40,53.18,100.0,4.34,95.66,1,83.7,1,1
ST0356,Sai Sharma,RVRJC,40,35,45.32,87.5,17.85,82.15,1,73.4,1,1
ST0357,Sanjay Reddy,Aditya Engineering,40,30,39.92,75.0,23.67,76.33,1,65.4,0,0
ST0358,Divya Yadav,Prasad V Potluri,40,36,47.25,90.0,16.55,83.45,1,75.04,1,1
ST0359,Kiran Patel,Bapatla Engg,40,40,53.05,100.0,5.22,94.78,1,83.43,1,1
ST0360,Divya Yadav,KL University,40,14,19.1,35.0,26.47,73.53,1,44.56,0,0
ST0361,Kiran Yadav,ANITS,40,40,52.9,100.0,4.75,95.25,1,83.58,1,1
ST0362,Rohit Rao,JNTUH,40,35,46.65,87.5,18.38,81.62,1,73.24,1,1
ST0363,Teja Gupta,NRI Institute,40,38,49.85,95.0,12.45,87.55,1,78.76,1,1
ST0364,Keerthana Gupta,Gudlavalleru Engg,40,37,48.92,92.5,14.7,85.3,1,76.84,1,1
ST0365,Arjun Kumar,VVIT,40,38,49.45,95.0,12.25,87.75,1,78.83,1,1
ST0366,Pooja Kumar,KITS,40,35,46.15,87.5,18.21,81.79,1,73.29,1,1
ST0367,Rohit Gupta,RGUKT,40,27,35.52,67.5,25.16,74.84,1,61.2,0,0
ST0368,Praveen Verma,KL University,40,35,46.1,87.5,18.08,81.92,1,73.33,1,1
ST0369,Varun Naidu,CMR College,40,31,40.72,77.5,22.52,77.48,1,66.99,0,0
ST0370,Sanjay Yadav,RVRJC,40,40,53.0,100.0,4.77,95.23,1,83.57,1,1
ST0371,Anil Reddy,Prasad V Potluri,40,20,26.15,50.0,26.65,73.35,1,52.0,0,0
ST0372,Varun Kumar,KL University,40,38,48.88,95.0,12.35,87.65,1,78.79,1,1
ST0373,Rohit Singh,Narasaraopeta Engg,40,40,52.92,100.0,4.7,95.3,1,83.59,1,1
ST0374,Arjun Kumar,KL University,40,19,24.4,47.5,26.12,73.88,1,50.91,0,0
ST0375,Arjun Yadav,CMR College,40,31,39.85,77.5,22.12,77.88,1,67.11,0,0
ST0376,Praveen Gupta,JNTUH,40,37,49.1,92.5,14.7,85.3,1,76.84,1,1
ST0377,Vikram Patel,VVIT,40,39,51.62,97.5,9.61,90.39,1,80.87,1,1
ST0378,Sanjay Verma,AEC,40,29,38.0,72.5,24.0,76.0,1,64.05,0,0
ST0379,Harsha Kumar,KL University,40,38,49.38,95.0,12.35,87.65,1,78.8,1,1
ST0380,Rahul Verma,VIT AP,40,40,51.82,100.0,4.93,95.07,1,83.52,1,1
ST0381,Keerthana Patel,ANITS,40,39,51.08,97.5,9.52,90.48,1,80.89,1,1
ST0382,Kiran Rao,JNTUH,40,23,30.22,57.5,26.52,73.48,1,55.79,0,0
ST0383,Pooja Singh,Aditya Engineering,40,32,41.0,80.0,21.17,78.83,1,68.65,1,1
ST0384,Vikram Gupta,JNTUK,40,29,37.7,72.5,23.82,76.18,1,64.1,0,0
ST0385,Pooja Rao,Malla Reddy,40,30,39.83,75.0,23.69,76.31,1,65.39,0,0
ST0386,Arjun Naidu,SRM AP,40,25,32.6,62.5,25.85,74.15,1,58.5,0,0
ST0387,Sai Reddy,JNTUK,40,37,47.22,92.5,14.14,85.86,1,77.01,1,1
ST0388,Anil Verma,Prasad V Potluri,40,29,37.83,72.5,23.97,76.03,1,64.06,0,0
ST0389,Kiran Reddy,VNR VJIET,40,16,20.88,40.0,26.03,73.97,1,47.19,0,0
ST0390,Nikhil Gupta,CBIT,40,36,48.72,90.0,16.9,83.1,1,74.93,1,1
ST0391,Rohit Singh,CBIT,40,36,47.25,90.0,16.6,83.4,1,75.02,1,1
ST0392,Anil Gupta,Bapatla Engg,40,24,31.98,60.0,26.63,73.37,1,57.01,0,0
ST0393,Divya Rao,VIT AP,40,19,24.78,47.5,26.58,73.42,1,50.78,0,0
ST0394,Nikhil Kumar,VIT AP,40,40,52.48,100.0,5.12,94.88,1,83.46,1,1
ST0395,Sanjay Sharma,CMR College,40,40,53.45,100.0,4.68,95.32,1,83.59,1,1
ST0396,Jay Kumar,Prasad V Potluri,40,32,41.3,80.0,21.21,78.79,1,68.64,1,1
ST0397,Divya Reddy,Aditya Engineering,40,37,49.45,92.5,15.03,84.97,1,76.74,1,1
ST0398,Teja Kumar,CBIT,40,37,48.55,92.5,14.98,85.02,1,76.76,1,1
ST0399,Vikram Rao,VVIT,40,40,51.52,100.0,5.01,94.99,1,83.5,1,1
ST0400,Sanjay Kumar,SRM AP,40,37,49.12,92.5,15.0,85.0,1,76.75,1,1
ST0401,Nikhil Singh,Andhra Loyola,40,21,27.7,52.5,26.92,73.08,1,53.17,0,0
ST0402,Nikhil Yadav,Gudlavalleru Engg,40,38,50.52,95.0,12.73,87.27,1,78.68,1,1
ST0403,Arjun Verma,KITS,40,34,45.0,85.0,19.61,80.39,1,71.62,1,1
ST0404,Varun Yadav,Andhra Loyola,40,31,41.1,77.5,22.82,77.18,1,66.91,0,0
ST0405,Rohit Verma,Prasad V Potluri,40,19,25.72,47.5,27.56,72.44,1,50.48,0,0
ST0406,Keerthana Yadav,CBIT,40,39,51.6,97.5,9.39,90.61,1,80.93,1,1
ST0407,Vikram Yadav,Andhra Loyola,40,31,40.3,77.5,22.41,77.59,1,67.03,0,0
ST0408,Pooja Gupta,Prasad V Potluri,40,27,35.75,67.5,25.4,74.6,1,61.13,0,0
ST0409,Divya Reddy,Narasaraopeta Engg,40,27,35.25,67.5,25.06,74.94,1,61.23,0,0
ST0410,Divya Sharma,MREC,40,34,43.82,85.0,19.12,80.88,1,71.76,1,1
ST0411,Jay Sharma,RGUKT,40,24,31.4,60.0,26.25,73.75,1,57.13,0,0
ST0412,Sanjay Patel,Aditya Engineering,40,26,33.08,65.0,24.82,75.18,1,60.05,0,0
ST0413,Arjun Sharma,VVIT,40,24,31.8,60.0,26.57,73.43,1,57.03,0,0
ST0414,Teja Reddy,KITS,40,35,45.62,87.5,17.99,82.01,1,73.35,1,1
ST0415,Praveen Patel,VNR VJIET,40,40,52.6,100.0,4.36,95.64,1,83.69,1,1
ST0416,Sanjay Reddy,Aditya Engineering,40,28,35.55,70.0,23.87,76.13,1,62.84,0,0
ST0417,Varun Verma,Prasad V Potluri,40,36,46.2,90.0,16.27,83.73,1,75.12,1,1
ST0418,Kiran Singh,Narasaraopeta Engg,40,36,47.85,90.0,16.64,83.36,1,75.01,1,1
ST0419,Akhil Verma,Malla Reddy,40,40,53.52,100.0,4.1,95.9,1,83.77,1,1
ST0420,Sanjay Sharma,KL University,40,37,48.22,92.5,14.71,85.29,1,76.84,1,1
ST0421,Jay Yadav,Narasaraopeta Engg,40,19,25.12,47.5,26.91,73.09,1,50.68,0,0
ST0422,Varun Naidu,Andhra Loyola,40,36,46.92,90.0,16.51,83.49,1,75.05,1,1
ST0423,Jay Sharma,MREC,40,32,41.68,80.0,21.54,78.46,1,68.54,1,1
ST0424,Harsha Reddy,SRM AP,40,29,38.85,72.5,24.54,75.46,1,63.89,0,0
ST0425,Teja Reddy,Narasaraopeta Engg,40,29,37.25,72.5,23.55,76.45,1,64.18,0,0
ST0426,Rahul Naidu,NRI Institute,40,16,21.32,40.0,26.57,73.43,1,47.03,0,0
ST0427,Rahul Rao,Gudlavalleru Engg,40,39,50.65,97.5,9.4,90.6,1,80.93,1,1
ST0428,Nikhil Sharma,Aditya Engineering,40,30,40.12,75.0,23.84,76.16,1,65.35,0,0
ST0429,Kiran Kumar,ANITS,40,13,16.88,32.5,24.79,75.21,1,43.81,0,0
ST0430,Teja Gupta,KL University,40,32,41.05,80.0,21.16,78.84,1,68.65,1,1
ST0431,Akhil Gupta,AEC,40,38,50.3,95.0,12.6,87.4,1,78.72,1,1
ST0432,Pooja Yadav,Narasaraopeta Engg,40,35,45.75,87.5,18.16,81.84,1,73.3,1,1
ST0433,Praveen Verma,MREC,40,35,44.98,87.5,17.76,82.24,1,73.42,1,1
ST0434,Varun Yadav,CMR College,40,30,39.85,75.0,23.66,76.34,1,65.4,0,0
ST0435,Jay Patel,KL University,40,26,35.1,65.0,26.3,73.7,1,59.61,0,0
ST0436,Anil Patel,JNTUH,40,23,30.1,57.5,26.51,73.49,1,55.8,0,0
ST0437,Vikram Yadav,Aditya Engineering,40,37,49.85,92.5,15.04,84.96,1,76.74,1,1
ST0438,Kiran Verma,CBIT,40,25,32.98,62.5,26.09,73.91,1,58.42,0,0
ST0439,Sai Verma,JNTUH,40,32,41.18,80.0,21.25,78.75,1,68.62,1,1
ST0440,Varun Singh,JNTUK,40,40,52.1,100.0,4.36,95.64,1,83.69,1,1
ST0441,Jay Verma,ANITS,40,39,51.22,97.5,9.47,90.53,1,80.91,1,1
ST0442,Jay Rao,SRM AP,40,28,36.98,70.0,24.85,75.15,1,62.54,0,0
ST0443,Akhil Gupta,Aditya Engineering,40,25,33.38,62.5,26.4,73.6,1,58.33,0,0
ST0444,Harsha Sharma,MREC,40,39,51.02,97.5,9.54,90.46,1,80.89,1,1
ST0445,Anil Kumar,JNTUK,40,28,36.62,70.0,24.61,75.39,1,62.62,0,0
ST0446,Sanjay Reddy,Malla Reddy,40,34,43.9,85.0,19.13,80.87,1,71.76,1,1
ST0447,Kiran Gupta,Gudlavalleru Engg,40,40,51.38,100.0,4.55,95.45,1,83.64,1,1
ST0448,Jay Yadav,Bapatla Engg,40,27,36.2,67.5,25.75,74.25,1,61.03,0,0
ST0449,Varun Verma,CBIT,40,40,52.08,100.0,3.91,96.09,1,83.83,1,1
ST0450,Arjun Gupta,JNTUK,40,32,43.3,80.0,22.33,77.67,1,68.3,1,1
ST0451,Arjun Yadav,SRM AP,40,37,47.72,92.5,14.29,85.71,1,76.96,1,1
ST0452,Keerthana Singh,MREC,40,24,30.88,60.0,25.9,74.1,1,57.23,0,0
ST0453,Anil Yadav,ANITS,40,32,41.55,80.0,21.43,78.57,1,68.57,1,1
ST0454,Praveen Singh,KL University,40,34,44.9,85.0,19.48,80.52,1,71.66,1,1
ST0455,Teja Verma,CBIT,40,34,44.45,85.0,19.53,80.47,1,71.64,1,1
ST0456,Jay Singh,CBIT,40,34,44.15,85.0,19.28,80.72,1,71.71,1,1
ST0457,Rahul Verma,RVRJC,40,37,48.0,92.5,14.43,85.57,1,76.92,1,1
ST0458,Varun Yadav,AEC,40,34,44.85,85.0,19.63,80.37,1,71.61,1,1
ST0459,Rahul Naidu,JNTUH,40,33,44.48,82.5,21.23,78.77,1,69.88,1,1
ST0460,Harsha Rao,CMR College,40,32,42.18,80.0,21.73,78.27,1,68.48,1,1
ST0461,Arjun Reddy,Prasad V Potluri,40,31,40.5,77.5,22.45,77.55,1,67.02,0,0
ST0462,Kiran Gupta,RGUKT,40,31,40.75,77.5,22.57,77.43,1,66.98,0,0
ST0463,Kiran Kumar,Narasaraopeta Engg,40,31,40.8,77.5,22.51,77.49,1,67.0,0,0
ST0464,Anil Patel,Prasad V Potluri,40,26,34.58,65.0,26.04,73.96,1,59.69,0,0
ST0465,Kiran Gupta,VIT AP,40,28,35.85,70.0,23.96,76.04,1,62.81,0,0
ST0466,Divya Yadav,LBRCE,40,29,38.2,72.5,24.12,75.88,1,64.01,0,0
ST0467,Arjun Reddy,Andhra Loyola,40,28,36.4,70.0,24.48,75.52,1,62.66,0,0
ST0468,Rohit Patel,JNTUK,40,40,52.88,100.0,4.95,95.05,1,83.52,1,1
ST0469,Vikram Kumar,VNR VJIET,40,36,47.82,90.0,16.69,83.31,1,74.99,1,1
ST0470,Arjun Patel,KITS,40,34,43.78,85.0,19.05,80.95,1,71.78,1,1
ST0471,Keerthana Sharma,Narasaraopeta Engg,40,40,52.58,100.0,4.79,95.21,1,83.56,1,1
ST0472,Keerthana Verma,NRI Institute,40,37,49.82,92.5,15.17,84.83,1,76.7,1,1
ST0473,Pooja Gupta,Aditya Engineering,40,25,32.6,62.5,25.81,74.19,1,58.51,0,0
ST0474,Rahul Reddy,GITAM,40,27,35.12,67.5,24.92,75.08,1,61.28,0,0
ST0475,Vikram Reddy,LBRCE,40,40,52.22,100.0,4.71,95.29,1,83.59,1,1
ST0476,Sai Kumar,KITS,40,31,39.6,77.5,21.87,78.13,1,67.19,0,0
ST0477,Arjun Rao,SRM AP,40,26,34.62,65.0,25.99,74.01,1,59.7,0,0
ST0478,Rahul Verma,GITAM,40,38,50.3,95.0,12.59,87.41,1,78.72,1,1
ST0479,Vikram Verma,Bapatla Engg,40,7,9.28,17.5,20.45,79.55,1,37.61,0,0
ST0480,Harsha Rao,CMR College,40,34,45.45,85.0,19.79,80.21,1,71.56,1,1
ST0481,Divya Reddy,VIT AP,40,29,36.85,72.5,23.42,76.58,1,64.22,0,0
ST0482,Arjun Kumar,MREC,40,35,45.6,87.5,17.91,82.09,1,73.38,1,1
ST0483,Arjun Singh,Narasaraopeta Engg,40,33,43.35,82.5,20.67,79.33,1,70.05,1,1
ST0484,Pooja Verma,Andhra Loyola,40,28,36.0,70.0,24.22,75.78,1,62.74,0,0
ST0485,Rahul Kumar,Bapatla Engg,40,31,40.2,77.5,22.31,77.69,1,67.06,0,0
ST0486,Akhil Rao,Malla Reddy,40,28,37.02,70.0,24.91,75.09,1,62.53,0,0
ST0487,Divya Patel,Prasad V Potluri,40,40,52.9,100.0,4.59,95.41,1,83.62,1,1
ST0488,Vikram Naidu,KITS,40,23,30.35,57.5,26.74,73.26,1,55.73,0,0
ST0489,Pooja Sharma,KITS,40,40,52.02,100.0,4.63,95.37,1,83.61,1,1
ST0490,Nikhil Kumar,LBRCE,40,34,44.1,85.0,19.34,80.66,1,71.7,1,1
ST0491,Keerthana Kumar,GITAM,40,24,31.32,60.0,26.14,73.86,1,57.16,0,0
ST0492,Arjun Sharma,Narasaraopeta Engg,40,40,51.32,100.0,4.46,95.54,1,83.66,1,1
ST0493,Rahul Kumar,Gudlavalleru Engg,40,26,34.7,65.0,25.97,74.03,1,59.71,0,0
ST0494,Arjun Yadav,Bapatla Engg,40,28,36.25,70.0,24.3,75.7,1,62.71,0,0
ST0495,Praveen Kumar,NRI Institute,40,37,47.85,92.5,14.52,85.48,1,76.9,1,1
ST0496,Kiran Kumar,Aditya Engineering,40,34,43.92,85.0,19.21,80.79,1,71.74,1,1
ST0497,Kiran Gupta,NRI Institute,40,40,53.58,100.0,4.67,95.33,1,83.6,1,1
ST0498,Anil Kumar,ANITS,40,30,38.98,75.0,23.14,76.86,1,65.56,0,0
ST0499,Vikram Singh,JNTUK,40,40,51.65,100.0,5.27,94.73,1,83.42,1,1
ST0500,Anil Patel,ANITS,40,23,29.28,57.5,25.68,74.32,1,56.05,0,0
ST0501,Pooja Yadav,ANITS,40,30,39.28,75.0,23.28,76.72,1,65.52,0,0
ST0502,Keerthana Patel,JNTUK,40,23,31.3,57.5,27.37,72.63,1,55.54,0,0
ST0503,Keerthana Verma,SRM AP,40,27,35.55,67.5,25.3,74.7,1,61.16,0,0
ST0504,Nikhil Yadav,RGUKT,40,37,49.38,92.5,15.03,84.97,1,76.74,1,1
ST0505,Kiran Gupta,JNTUH,40,40,52.38,100.0,4.71,95.29,1,83.59,1,1
ST0506,Sanjay Sharma,Malla Reddy,40,28,36.25,70.0,24.38,75.62,1,62.68,0,0
ST0507,Rohit Rao,CMR College,40,35,44.68,87.5,17.68,82.32,1,73.44,1,1
ST0508,Sanjay Naidu,Narasaraopeta Engg,40,35,45.65,87.5,17.95,82.05,1,73.36,1,1
ST0509,Arjun Rao,VIT AP,40,36,46.72,90.0,16.53,83.47,1,75.04,1,1
ST0510,Sai Reddy,Andhra Loyola,40,32,41.35,80.0,21.23,78.77,1,68.63,1,1
ST0511,Akhil Verma,Gudlavalleru Engg,40,40,52.6,100.0,4.47,95.53,1,83.66,1,1
ST0512,Rohit Gupta,Bapatla Engg,40,40,52.08,100.0,4.85,95.15,1,83.55,1,1
ST0513,Sai Rao,Malla Reddy,40,34,45.02,85.0,19.54,80.46,1,71.64,1,1
ST0514,Rohit Singh,CBIT,40,37,49.62,92.5,14.89,85.11,1,76.78,1,1
ST0515,Nikhil Yadav,VIT AP,40,39,52.7,97.5,9.92,90.08,1,80.77,1,1
ST0516,Kiran Yadav,Prasad V Potluri,40,28,36.52,70.0,24.56,75.44,1,62.63,0,0
ST0517,Sai Sharma,Gudlavalleru Engg,40,34,44.05,85.0,19.13,80.87,1,71.76,1,1
ST0518,Teja Singh,CMR College,40,37,48.2,92.5,14.57,85.43,1,76.88,1,1
ST0519,Keerthana Rao,ANITS,40,16,20.65,40.0,25.79,74.21,1,47.26,0,0
ST0520,Sai Patel,JNTUH,40,40,53.15,100.0,4.48,95.52,1,83.66,1,1
ST0521,Jay Reddy,Aditya Engineering,40,31,40.8,77.5,22.54,77.46,1,66.99,0,0
ST0522,Varun Sharma,CMR College,40,29,38.7,72.5,24.38,75.62,1,63.94,0,0
ST0523,Keerthana Gupta,VNR VJIET,40,40,52.38,100.0,4.25,95.75,1,83.72,1,1
ST0524,Jay Verma,KITS,40,34,44.18,85.0,19.29,80.71,1,71.71,1,1
ST0525,Sanjay Reddy,JNTUH,40,35,46.75,87.5,18.47,81.53,1,73.21,1,1
ST0526,Nikhil Reddy,JNTUK,40,36,46.9,90.0,16.33,83.67,1,75.1,1,1
ST0527,Anil Kumar,NRI Institute,40,33,45.15,82.5,21.42,78.58,1,69.82,1,1
ST0528,Harsha Rao,Bapatla Engg,40,32,40.88,80.0,21.11,78.89,1,68.67,1,1
ST0529,Kiran Verma,RGUKT,40,32,42.0,80.0,21.63,78.37,1,68.51,1,1
ST0530,Varun Gupta,GITAM,40,40,51.9,100.0,4.14,95.86,1,83.76,1,1
ST0531,Jay Gupta,VIT AP,40,40,52.72,100.0,4.89,95.11,1,83.53,1,1
ST0532,Sanjay Yadav,RGUKT,40,40,51.38,100.0,4.5,95.5,1,83.65,1,1
ST0533,Vikram Naidu,JNTUH,40,35,46.4,87.5,18.23,81.77,1,73.28,1,1
ST0534,Harsha Singh,VVIT,40,21,27.55,52.5,26.85,73.15,1,53.2,0,0
ST0535,Rahul Patel,Bapatla Engg,40,28,37.1,70.0,24.98,75.02,1,62.51,0,0
ST0536,Divya Patel,Bapatla Engg,40,33,44.1,82.5,21.03,78.97,1,69.94,1,1
ST0537,Anil Rao,CMR College,40,19,26.4,47.5,28.23,71.77,1,50.28,0,0
ST0538,Pooja Kumar,VVIT,40,35,45.72,87.5,17.96,82.04,1,73.36,1,1
ST0539,Rahul Reddy,Prasad V Potluri,40,16,21.0,40.0,26.23,73.77,1,47.13,0,0
ST0540,Teja Naidu,CMR College,40,28,37.25,70.0,24.99,75.01,1,62.5,0,0
ST0541,Harsha Kumar,Narasaraopeta Engg,40,27,34.95,67.5,24.81,75.19,1,61.31,0,0
ST0542,Jay Reddy,LBRCE,40,27,36.5,67.5,25.88,74.12,1,60.99,0,0
ST0543,Divya Sharma,CBIT,40,32,42.7,80.0,22.04,77.96,1,68.39,1,1
ST0544,Harsha Kumar,VIT AP,40,33,43.22,82.5,20.55,79.45,1,70.08,1,1
ST0545,Teja Sharma,VVIT,40,31,42.05,77.5,23.34,76.66,1,66.75,0,0
ST0546,Divya Singh,VIT AP,40,34,44.48,85.0,19.57,80.43,1,71.63,1,1
ST0547,Akhil Naidu,NRI Institute,40,32,41.82,80.0,21.59,78.41,1,68.52,1,1
ST0548,Praveen Patel,JNTUH,40,33,44.12,82.5,21.0,79.0,1,69.95,1,1
ST0549,Rahul Reddy,ANITS,40,33,44.1,82.5,20.97,79.03,1,69.96,1,1
ST0550,Anil Kumar,CBIT,40,28,36.0,70.0,24.15,75.85,1,62.75,0,0
ST0551,Nikhil Gupta,RVRJC,40,35,46.0,87.5,18.12,81.88,1,73.31,1,1
ST0552,Teja Gupta,LBRCE,40,40,52.02,100.0,5.29,94.71,1,83.41,1,1
ST0553,Vikram Reddy,MREC,40,35,45.15,87.5,17.79,82.21,1,73.41,1,1
ST0554,Keerthana Patel,VIT AP,40,36,46.48,90.0,16.55,83.45,1,75.03,1,1
ST0555,Jay Gupta,NRI Institute,40,33,44.2,82.5,21.0,79.0,1,69.95,1,1
ST0556,Sai Kumar,MREC,40,32,42.08,80.0,21.77,78.23,1,68.47,1,1
ST0557,Nikhil Verma,RVRJC,40,38,50.15,95.0,12.48,87.52,1,78.75,1,1
ST0558,Vikram Rao,KITS,40,23,30.65,57.5,26.84,73.16,1,55.7,0,0
ST0559,Varun Verma,Andhra Loyola,40,33,43.1,82.5,20.49,79.51,1,70.1,1,1
ST0560,Harsha Patel,RGUKT,40,25,33.2,62.5,26.34,73.66,1,58.35,0,0
ST0561,Arjun Yadav,LBRCE,40,40,52.78,100.0,4.45,95.55,1,83.66,1,1
ST0562,Divya Singh,MREC,40,38,51.52,95.0,12.77,87.23,1,78.67,1,1
ST0563,Teja Kumar,KITS,40,32,43.12,80.0,22.14,77.86,1,68.36,1,1
ST0564,Varun Kumar,Aditya Engineering,40,32,42.45,80.0,21.93,78.07,1,68.42,1,1
ST0565,Sai Singh,ANITS,40,30,39.58,75.0,23.54,76.46,1,65.44,0,0
ST0566,Sanjay Singh,RGUKT,40,25,32.15,62.5,25.51,74.49,1,58.6,0,0
ST0567,Arjun Rao,SRM AP,40,35,45.58,87.5,18.1,81.9,1,73.32,1,1
ST0568,Praveen Yadav,KL University,40,40,52.48,100.0,3.89,96.11,1,83.83,1,1
ST0569,Harsha Singh,Aditya Engineering,40,20,24.92,50.0,25.47,74.53,1,52.36,0,0
ST0570,Keerthana Rao,CMR College,40,34,45.0,85.0,19.67,80.33,1,71.6,1,1
ST0571,Sanjay Yadav,Aditya Engineering,40,39,51.12,97.5,9.29,90.71,1,80.96,1,1
ST0572,Nikhil Verma,Aditya Engineering,40,26,34.72,65.0,26.07,73.93,1,59.68,0,0
ST0573,Keerthana Sharma,VNR VJIET,40,29,39.0,72.5,24.69,75.31,1,63.84,0,0
ST0574,Jay Kumar,KL University,40,34,44.58,85.0,19.46,80.54,1,71.66,1,1
ST0575,Pooja Rao,MREC,40,30,40.75,75.0,24.11,75.89,1,65.27,0,0
ST0576,Praveen Patel,GITAM,40,40,51.48,100.0,4.21,95.79,1,83.74,1,1
ST0577,Varun Yadav,LBRCE,40,30,40.75,75.0,24.07,75.93,1,65.28,0,0
ST0578,Keerthana Kumar,LBRCE,40,40,53.0,100.0,4.87,95.13,1,83.54,1,1
ST0579,Arjun Singh,AEC,40,33,42.98,82.5,20.49,79.51,1,70.1,1,1
ST0580,Nikhil Singh,Aditya Engineering,40,33,43.58,82.5,20.69,79.31,1,70.04,1,1
ST0581,Pooja Naidu,Andhra Loyola,40,31,39.33,77.5,21.79,78.21,1,67.21,0,0
ST0582,Praveen Kumar,VIT AP,40,33,43.38,82.5,20.71,79.29,1,70.04,1,1
ST0583,Kiran Gupta,Bapatla Engg,40,35,44.68,87.5,17.62,82.38,1,73.46,1,1
ST0584,Harsha Gupta,Bapatla Engg,40,22,29.48,55.0,27.19,72.81,1,54.34,0,0
ST0585,Jay Yadav,Narasaraopeta Engg,40,35,45.32,87.5,18.04,81.96,1,73.34,1,1
ST0586,Anil Gupta,CBIT,40,40,52.8,100.0,4.23,95.77,1,83.73,1,1
ST0587,Kiran Reddy,Gudlavalleru Engg,40,34,44.6,85.0,19.48,80.52,1,71.66,1,1
ST0588,Anil Naidu,SRM AP,40,39,52.3,97.5,9.71,90.29,1,80.84,1,1
ST0589,Divya Gupta,KL University,40,38,48.95,95.0,12.25,87.75,1,78.82,1,1
ST0590,Sanjay Verma,SRM AP,40,38,48.52,95.0,12.15,87.85,1,78.85,1,1
ST0591,Arjun Verma,VNR VJIET,40,28,36.98,70.0,24.81,75.19,1,62.56,0,0
ST0592,Harsha Yadav,Gudlavalleru Engg,40,34,44.72,85.0,19.5,80.5,1,71.65,1,1
ST0593,Praveen Yadav,Aditya Engineering,40,35,45.48,87.5,17.84,82.16,1,73.4,1,1
ST0594,Praveen Naidu,JNTUK,40,28,36.6,70.0,24.49,75.51,1,62.65,0,0
ST0595,Rahul Verma,Narasaraopeta Engg,40,35,46.85,87.5,18.33,81.67,1,73.25,1,1
ST0596,Praveen Patel,VVIT,40,30,39.08,75.0,23.14,76.86,1,65.56,0,0
ST0597,Divya Kumar,SRM AP,40,31,40.0,77.5,22.24,77.76,1,67.08,0,0
ST0598,Varun Singh,KITS,40,35,46.05,87.5,18.17,81.83,1,73.3,1,1
ST0599,Nikhil Naidu,KL University,40,30,39.6,75.0,23.51,76.49,1,65.45,0,0
ST0600,Teja Reddy,JNTUK,40,36,47.5,90.0,16.52,83.48,1,75.04,1,1
ST0601,Sai Rao,GITAM,40,36,47.18,90.0,16.48,83.52,1,75.06,1,1
ST0602,Rohit Gupta,RVRJC,40,36,47.3,90.0,16.56,83.44,1,75.03,1,1
ST0603,Teja Singh,Prasad V Potluri,40,40,52.18,100.0,4.16,95.84,1,83.75,1,1
ST0604,Sai Sharma,Aditya Engineering,40,37,49.78,92.5,15.11,84.89,1,76.72,1,1
ST0605,Nikhil Kumar,KITS,40,36,47.52,90.0,16.76,83.24,1,74.97,1,1
ST0606,Pooja Yadav,Prasad V Potluri,40,32,42.1,80.0,21.78,78.22,1,68.47,1,1
ST0607,Vikram Reddy,Andhra Loyola,40,33,43.6,82.5,20.72,79.28,1,70.04,1,1
ST0608,Varun Rao,RVRJC,40,38,49.85,95.0,12.68,87.32,1,78.7,1,1
ST0609,Divya Yadav,RVRJC,40,40,52.82,100.0,4.55,95.45,1,83.63,1,1
ST0610,Rohit Gupta,KITS,40,33,44.32,82.5,21.03,78.97,1,69.94,1,1
ST0611,Harsha Naidu,MREC,40,35,46.48,87.5,18.32,81.68,1,73.25,1,1
ST0612,Nikhil Reddy,AEC,40,40,53.78,100.0,4.32,95.68,1,83.7,1,1
ST0613,Varun Patel,AEC,40,38,49.22,95.0,12.36,87.64,1,78.79,1,1
ST0614,Rahul Kumar,VNR VJIET,40,24,31.2,60.0,26.09,73.91,1,57.17,0,0
ST0615,Anil Kumar,VNR VJIET,40,27,35.7,67.5,25.39,74.61,1,61.13,0,0
ST0616,Varun Singh,Andhra Loyola,40,25,31.92,62.5,25.21,74.79,1,58.69,0,0
ST0617,Sai Kumar,VIT AP,40,40,52.2,100.0,4.44,95.56,1,83.67,1,1
ST0618,Arjun Gupta,ANITS,40,26,34.12,65.0,25.59,74.41,1,59.82,0,0
ST0619,Harsha Gupta,VVIT,40,20,26.32,50.0,26.84,73.16,1,51.95,0,0
ST0620,Divya Verma,AEC,40,29,38.67,72.5,24.5,75.5,1,63.9,0,0
ST0621,Akhil Yadav,MREC,40,38,49.15,95.0,12.24,87.76,1,78.83,1,1
ST0622,Rahul Yadav,Prasad V Potluri,40,40,52.62,100.0,5.29,94.71,1,83.41,1,1
ST0623,Vikram Reddy,Gudlavalleru Engg,40,38,50.75,95.0,12.57,87.43,1,78.73,1,1
ST0624,Sanjay Reddy,VIT AP,40,37,47.92,92.5,14.52,85.48,1,76.9,1,1
ST0625,Jay Sharma,NRI Institute,40,36,46.48,90.0,16.36,83.64,1,75.09,1,1
ST0626,Vikram Gupta,Andhra Loyola,40,39,50.65,97.5,9.56,90.44,1,80.88,1,1
ST0627,Harsha Rao,Malla Reddy,40,26,34.25,65.0,25.83,74.17,1,59.75,0,0
ST0628,Keerthana Rao,GITAM,40,39,50.55,97.5,9.26,90.74,1,80.97,1,1
ST0629,Nikhil Kumar,MREC,40,38,49.95,95.0,12.23,87.77,1,78.83,1,1
ST0630,Rohit Singh,ANITS,40,28,37.75,70.0,25.22,74.78,1,62.43,0,0
ST0631,Praveen Gupta,KITS,40,24,31.08,60.0,26.0,74.0,1,57.2,0,0
ST0632,Sanjay Yadav,Malla Reddy,40,31,40.58,77.5,22.6,77.4,1,66.97,0,0
ST0633,Divya Gupta,Aditya Engineering,40,31,40.28,77.5,22.37,77.63,1,67.04,0,0
ST0634,Nikhil Naidu,Prasad V Potluri,40,37,48.38,92.5,14.52,85.48,1,76.89,1,1
ST0635,Jay Yadav,Bapatla Engg,40,34,45.38,85.0,19.87,80.13,1,71.54,1,1
ST0636,Praveen Kumar,JNTUK,40,36,46.88,90.0,16.52,83.48,1,75.04,1,1
ST0637,Arjun Naidu,VVIT,40,34,43.55,85.0,18.97,81.03,1,71.81,1,1
ST0638,Rahul Sharma,Prasad V Potluri,40,33,44.28,82.5,21.15,78.85,1,69.91,1,1
ST0639,Akhil Yadav,CMR College,40,29,38.78,72.5,24.54,75.46,1,63.89,0,0
ST0640,Jay Sharma,Malla Reddy,40,33,44.65,82.5,21.27,78.73,1,69.87,1,1
ST0641,Jay Sharma,SRM AP,40,26,33.85,65.0,25.41,74.59,1,59.88,0,0
ST0642,Akhil Naidu,VVIT,40,32,42.9,80.0,22.26,77.74,1,68.32,1,1
ST0643,Arjun Yadav,Bapatla Engg,40,28,37.52,70.0,25.19,74.81,1,62.44,0,0
ST0644,Kiran Naidu,Prasad V Potluri,40,29,39.55,72.5,24.99,75.01,1,63.75,0,0
ST0645,Vikram Verma,Gudlavalleru Engg,40,32,42.28,80.0,21.94,78.06,1,68.42,1,1
ST0646,Pooja Patel,MREC,40,40,51.85,100.0,4.04,95.96,1,83.79,1,1
ST0647,Jay Patel,Aditya Engineering,40,40,52.05,100.0,4.54,95.46,1,83.64,1,1
ST0648,Praveen Yadav,Andhra Loyola,40,40,52.62,100.0,4.53,95.47,1,83.64,1,1
ST0649,Sai Sharma,VIT AP,40,40,51.62,100.0,4.78,95.22,1,83.57,1,1
ST0650,Rahul Gupta,Gudlavalleru Engg,40,34,43.82,85.0,19.01,80.99,1,71.8,1,1
ST0651,Anil Rao,LBRCE,40,40,52.42,100.0,4.85,95.15,1,83.55,1,1
ST0652,Sai Sharma,Prasad V Potluri,40,25,33.58,62.5,26.52,73.48,1,58.29,0,0
ST0653,Harsha Patel,MREC,40,40,52.52,100.0,4.9,95.1,1,83.53,1,1
ST0654,Rohit Patel,JNTUK,40,35,45.5,87.5,18.0,82.0,1,73.35,1,1
ST0655,Vikram Naidu,Andhra Loyola,40,39,51.75,97.5,9.3,90.7,1,80.96,1,1
ST0656,Praveen Singh,Gudlavalleru Engg,40,38,50.05,95.0,12.44,87.56,1,78.77,1,1
ST0657,Rohit Verma,Bapatla Engg,40,40,52.88,100.0,4.0,96.0,1,83.8,1,1
ST0658,Praveen Kumar,VIT AP,40,24,31.65,60.0,26.32,73.68,1,57.11,0,0
ST0659,Pooja Reddy,VIT AP,40,40,52.85,100.0,4.53,95.47,1,83.64,1,1
ST0660,Rahul Sharma,ANITS,40,30,39.48,75.0,23.54,76.46,1,65.44,0,0
ST0661,Vikram Rao,CBIT,40,35,45.1,87.5,17.68,82.32,1,73.45,1,1
ST0662,Sanjay Singh,KITS,40,20,25.95,50.0,26.52,73.48,1,52.04,0,0
ST0663,Kiran Naidu,JNTUH,40,40,53.25,100.0,4.06,95.94,1,83.78,1,1
ST0664,Keerthana Patel,KITS,40,31,39.65,77.5,22.02,77.98,1,67.15,0,0
ST0665,Anil Kumar,Gudlavalleru Engg,40,35,46.72,87.5,18.37,81.63,1,73.24,1,1
ST0666,Harsha Naidu,RGUKT,40,34,44.88,85.0,19.52,80.48,1,71.64,1,1
ST0667,Jay Sharma,RGUKT,40,39,51.1,97.5,9.26,90.74,1,80.97,1,1
ST0668,Anil Singh,JNTUK,40,35,45.72,87.5,18.01,81.99,1,73.35,1,1
ST0669,Varun Singh,VVIT,40,28,35.85,70.0,24.01,75.99,1,62.8,0,0
ST0670,Sai Patel,GITAM,40,30,39.78,75.0,23.61,76.39,1,65.42,0,0
ST0671,Divya Patel,KL University,40,28,36.05,70.0,24.15,75.85,1,62.76,0,0
ST0672,Vikram Patel,Aditya Engineering,40,34,43.4,85.0,18.85,81.15,1,71.84,1,1
ST0673,Sai Reddy,Gudlavalleru Engg,40,28,36.2,70.0,24.34,75.66,1,62.7,0,0
ST0674,Teja Yadav,Andhra Loyola,40,32,42.4,80.0,21.75,78.25,1,68.47,1,1
ST0675,Rahul Kumar,NRI Institute,40,37,48.55,92.5,14.64,85.36,1,76.86,1,1
ST0676,Praveen Verma,Andhra Loyola,40,40,52.52,100.0,4.63,95.37,1,83.61,1,1
ST0677,Keerthana Singh,JNTUK,40,30,37.55,75.0,22.28,77.72,1,65.82,0,0
ST0678,Divya Reddy,LBRCE,40,32,40.8,80.0,20.96,79.04,1,68.71,1,1
ST0679,Akhil Sharma,Aditya Engineering,40,40,52.72,100.0,4.73,95.27,1,83.58,1,1
ST0680,Arjun Gupta,LBRCE,40,37,49.02,92.5,14.76,85.24,1,76.82,1,1
ST0681,Rohit Naidu,AEC,40,40,52.1,100.0,4.81,95.19,1,83.56,1,1
ST0682,Anil Verma,Aditya Engineering,40,35,47.38,87.5,18.63,81.37,1,73.16,1,1
ST0683,Rohit Patel,ANITS,40,30,38.85,75.0,23.11,76.89,1,65.57,0,0
ST0684,Arjun Reddy,VNR VJIET,40,29,38.45,72.5,24.28,75.72,1,63.97,0,0
ST0685,Nikhil Sharma,KITS,40,26,33.3,65.0,25.0,75.0,1,60.0,0,0
ST0686,Keerthana Kumar,Gudlavalleru Engg,40,34,44.58,85.0,19.57,80.43,1,71.63,1,1
ST0687,Rahul Naidu,NRI Institute,40,31,40.17,77.5,22.31,77.69,1,67.06,0,0
ST0688,Sai Sharma,JNTUK,40,40,51.58,100.0,4.37,95.63,1,83.69,1,1
ST0689,Harsha Sharma,Gudlavalleru Engg,40,36,47.38,90.0,16.45,83.55,1,75.06,1,1
ST0690,Praveen Singh,JNTUK,40,32,41.35,80.0,21.34,78.66,1,68.6,1,1
ST0691,Keerthana Naidu,Narasaraopeta Engg,40,33,43.88,82.5,20.87,79.13,1,69.99,1,1
ST0692,Pooja Sharma,Gudlavalleru Engg,40,37,49.45,92.5,15.07,84.93,1,76.73,1,1
ST0693,Akhil Patel,RGUKT,40,39,51.6,97.5,9.36,90.64,1,80.94,1,1
ST0694,Vikram Patel,LBRCE,40,24,32.05,60.0,26.76,73.24,1,56.97,0,0
ST0695,Varun Reddy,Malla Reddy,40,28,36.45,70.0,24.39,75.61,1,62.68,0,0
ST0696,Akhil Patel,NRI Institute,40,40,52.18,100.0,4.98,95.02,1,83.51,1,1
ST0697,Teja Sharma,Aditya Engineering,40,32,43.58,80.0,22.48,77.52,1,68.26,1,1
ST0698,Harsha Sharma,AEC,40,40,52.48,100.0,4.34,95.66,1,83.7,1,1
ST0699,Harsha Singh,RGUKT,40,31,40.12,77.5,22.31,77.69,1,67.06,0,0
ST0700,Kiran Kumar,GITAM,40,36,46.88,90.0,16.33,83.67,1,75.1,1,1
ST0701,Divya Naidu,GITAM,40,30,40.17,75.0,23.88,76.12,1,65.34,0,0
ST0702,Nikhil Singh,Narasaraopeta Engg,40,40,52.05,100.0,4.18,95.82,1,83.75,1,1
ST0703,Arjun Sharma,NRI Institute,40,35,45.0,87.5,17.6,82.4,1,73.47,1,1
ST0704,Praveen Gupta,CBIT,40,31,39.7,77.5,22.1,77.9,1,67.12,0,0
ST0705,Rohit Patel,CMR College,40,40,53.3,100.0,4.54,95.46,1,83.64,1,1
ST0706,Divya Gupta,VNR VJIET,40,25,33.95,62.5,26.86,73.14,1,58.19,0,0
ST0707,Praveen Sharma,GITAM,40,33,43.45,82.5,20.66,79.34,1,70.05,1,1
ST0708,Sanjay Patel,Prasad V Potluri,40,38,49.1,95.0,12.2,87.8,1,78.84,1,1
ST0709,Akhil Naidu,NRI Institute,40,24,31.68,60.0,26.39,73.61,1,57.08,0,0
ST0710,Sai Reddy,SRM AP,40,32,42.48,80.0,21.86,78.14,1,68.44,1,1
ST0711,Harsha Patel,JNTUH,40,39,51.22,97.5,9.78,90.22,1,80.82,1,1
ST0712,Teja Patel,VNR VJIET,40,23,30.35,57.5,26.64,73.36,1,55.76,0,0
ST0713,Arjun Singh,Aditya Engineering,40,37,48.4,92.5,14.59,85.41,1,76.87,1,1
ST0714,Arjun Kumar,Gudlavalleru Engg,40,34,45.58,85.0,19.81,80.19,1,71.56,1,1
ST0715,Rohit Reddy,Andhra Loyola,40,40,52.52,100.0,5.03,94.97,1,83.49,1,1
ST0716,Arjun Gupta,GITAM,40,32,42.12,80.0,21.66,78.34,1,68.5,1,1
ST0717,Akhil Verma,VIT AP,40,34,43.8,85.0,19.1,80.9,1,71.77,1,1
ST0718,Kiran Reddy,RGUKT,40,39,51.8,97.5,9.6,90.4,1,80.87,1,1
ST0719,Rahul Naidu,VNR VJIET,40,38,50.52,95.0,12.78,87.22,1,78.66,1,1
ST0720,Nikhil Rao,KL University,40,19,25.25,47.5,27.06,72.94,1,50.63,0,0
ST0721,Sai Reddy,JNTUK,40,29,37.3,72.5,23.59,76.41,1,64.17,0,0
ST0722,Anil Patel,Andhra Loyola,40,33,42.75,82.5,20.45,79.55,1,70.12,1,1
ST0723,Nikhil Naidu,NRI Institute,40,40,51.6,100.0,4.5,95.5,1,83.65,1,1
ST0724,Praveen Patel,VNR VJIET,40,33,42.8,82.5,20.41,79.59,1,70.13,1,1
ST0725,Rahul Rao,Andhra Loyola,40,35,45.98,87.5,18.21,81.79,1,73.29,1,1
ST0726,Teja Rao,ANITS,40,22,29.2,55.0,27.01,72.99,1,54.4,0,0
ST0727,Rohit Naidu,SRM AP,40,34,45.32,85.0,19.79,80.21,1,71.56,1,1
ST0728,Teja Reddy,Bapatla Engg,40,32,41.92,80.0,21.61,78.39,1,68.52,1,1
ST0729,Arjun Singh,Aditya Engineering,40,37,48.45,92.5,14.53,85.47,1,76.89,1,1
ST0730,Sai Singh,MREC,40,35,44.75,87.5,17.69,82.31,1,73.44,1,1
ST0731,Rohit Singh,Bapatla Engg,40,25,33.52,62.5,26.55,73.45,1,58.28,0,0
ST0732,Vikram Naidu,MREC,40,36,48.45,90.0,16.97,83.03,1,74.91,1,1
ST0733,Anil Patel,LBRCE,40,25,33.38,62.5,26.39,73.61,1,58.33,0,0
ST0734,Kiran Naidu,MREC,40,29,37.83,72.5,23.89,76.11,1,64.08,0,0
ST0735,Vikram Naidu,JNTUH,40,32,42.85,80.0,22.1,77.9,1,68.37,1,1
ST0736,Varun Patel,LBRCE,40,38,49.88,95.0,12.42,87.58,1,78.77,1,1
ST0737,Anil Patel,CBIT,40,19,24.98,47.5,26.8,73.2,1,50.71,0,0
ST0738,Rahul Verma,NRI Institute,40,25,33.28,62.5,26.38,73.62,1,58.34,0,0
ST0739,Sai Naidu,CBIT,40,33,42.8,82.5,20.45,79.55,1,70.12,1,1
ST0740,Sai Verma,CMR College,40,34,44.65,85.0,19.53,80.47,1,71.64,1,1
ST0741,Harsha Verma,LBRCE,40,36,47.05,90.0,16.53,83.47,1,75.04,1,1
ST0742,Anil Patel,JNTUH,40,32,42.55,80.0,21.97,78.03,1,68.41,1,1
ST0743,Keerthana Sharma,LBRCE,40,34,43.48,85.0,18.96,81.04,1,71.81,1,1
ST0744,Rahul Sharma,GITAM,40,26,34.83,65.0,26.11,73.89,1,59.67,0,0
ST0745,Jay Sharma,Bapatla Engg,40,40,51.98,100.0,4.68,95.32,1,83.6,1,1
ST0746,Divya Naidu,Malla Reddy,40,33,42.75,82.5,20.49,79.51,1,70.1,1,1
ST0747,Vikram Reddy,CBIT,40,34,44.45,85.0,19.4,80.6,1,71.68,1,1
ST0748,Divya Singh,CMR College,40,34,44.95,85.0,19.66,80.34,1,71.6,1,1
ST0749,Nikhil Singh,Gudlavalleru Engg,40,31,41.42,77.5,22.99,77.01,1,66.85,0,0
ST0750,Nikhil Reddy,VIT AP,40,37,47.95,92.5,14.52,85.48,1,76.9,1,1
ST0751,Rahul Rao,VVIT,40,34,45.02,85.0,19.65,80.35,1,71.6,1,1
ST0752,Sanjay Naidu,Malla Reddy,40,40,52.6,100.0,4.75,95.25,1,83.57,1,1
ST0753,Arjun Reddy,VIT AP,40,32,42.25,80.0,21.81,78.19,1,68.46,1,1
ST0754,Arjun Sharma,VNR VJIET,40,32,41.75,80.0,21.53,78.47,1,68.54,1,1
ST0755,Anil Rao,CBIT,40,40,50.9,100.0,4.63,95.37,1,83.61,1,1
ST0756,Keerthana Patel,GITAM,40,40,51.72,100.0,4.83,95.17,1,83.55,1,1
ST0757,Praveen Naidu,Andhra Loyola,40,36,46.62,90.0,16.35,83.65,1,75.1,1,1
ST0758,Arjun Yadav,RGUKT,40,24,32.22,60.0,26.81,73.19,1,56.96,0,0
ST0759,Rahul Rao,MREC,40,26,33.85,65.0,25.44,74.56,1,59.87,0,0
ST0760,Kiran Kumar,AEC,40,30,40.05,75.0,23.8,76.2,1,65.36,0,0
ST0761,Kiran Kumar,SRM AP,40,40,51.88,100.0,4.13,95.87,1,83.76,1,1
ST0762,Akhil Kumar,Gudlavalleru Engg,40,35,45.8,87.5,17.97,82.03,1,73.36,1,1
ST0763,Harsha Naidu,VIT AP,40,28,36.35,70.0,24.51,75.49,1,62.65,0,0
ST0764,Teja Sharma,Narasaraopeta Engg,40,40,53.15,100.0,4.22,95.78,1,83.74,1,1
ST0765,Vikram Singh,Aditya Engineering,40,40,52.8,100.0,4.97,95.03,1,83.51,1,1
ST0766,Nikhil Reddy,RGUKT,40,34,44.65,85.0,19.4,80.6,1,71.68,1,1
ST0767,Praveen Verma,VIT AP,40,21,27.62,52.5,26.86,73.14,1,53.19,0,0
ST0768,Jay Kumar,JNTUH,40,28,37.62,70.0,25.2,74.8,1,62.44,0,0
ST0769,Harsha Gupta,Prasad V Potluri,40,30,40.08,75.0,23.87,76.13,1,65.34,0,0
ST0770,Varun Singh,JNTUH,40,31,40.2,77.5,22.36,77.64,1,67.04,0,0
ST0771,Sai Yadav,CMR College,40,38,49.55,95.0,12.26,87.74,1,78.82,1,1
ST0772,Sai Kumar,Aditya Engineering,40,33,42.45,82.5,20.19,79.81,1,70.19,1,1
ST0773,Rohit Reddy,KITS,40,16,20.85,40.0,26.01,73.99,1,47.2,0,0
ST0774,Rohit Gupta,Malla Reddy,40,22,28.72,55.0,26.58,73.42,1,54.53,0,0
ST0775,Vikram Singh,CBIT,40,40,52.8,100.0,4.93,95.07,1,83.52,1,1
ST0776,Kiran Reddy,MREC,40,40,53.18,100.0,5.05,94.95,1,83.48,1,1
ST0777,Sanjay Sharma,RGUKT,40,38,50.25,95.0,12.85,87.15,1,78.65,1,1
ST0778,Jay Verma,CMR College,40,32,41.78,80.0,21.49,78.51,1,68.55,1,1
ST0779,Sanjay Rao,RGUKT,40,26,34.33,65.0,25.77,74.23,1,59.77,0,0
ST0780,Praveen Sharma,Andhra Loyola,40,37,48.02,92.5,14.4,85.6,1,76.93,1,1
ST0781,Pooja Reddy,VIT AP,40,24,32.08,60.0,26.78,73.22,1,56.97,0,0
ST0782,Sanjay Patel,NRI Institute,40,22,29.22,55.0,26.92,73.08,1,54.42,0,0
ST0783,Pooja Naidu,JNTUK,40,36,47.32,90.0,16.6,83.4,1,75.02,1,1
ST0784,Varun Sharma,KITS,40,40,50.68,100.0,4.53,95.47,1,83.64,1,1
ST0785,Akhil Verma,RGUKT,40,37,49.4,92.5,14.91,85.09,1,76.78,1,1
ST0786,Divya Kumar,NRI Institute,40,28,37.05,70.0,24.8,75.2,1,62.56,0,0
ST0787,Arjun Kumar,Prasad V Potluri,40,40,52.4,100.0,4.63,95.37,1,83.61,1,1
ST0788,Varun Verma,AEC,40,34,44.35,85.0,19.34,80.66,1,71.7,1,1
ST0789,Akhil Rao,JNTUK,40,33,43.48,82.5,20.67,79.33,1,70.05,1,1
ST0790,Anil Rao,Malla Reddy,40,27,35.62,67.5,25.36,74.64,1,61.14,0,0
ST0791,Rahul Kumar,Gudlavalleru Engg,40,29,36.45,72.5,23.03,76.97,1,64.34,0,0
ST0792,Nikhil Yadav,VNR VJIET,40,40,51.68,100.0,5.04,94.96,1,83.49,1,1
ST0793,Jay Sharma,VNR VJIET,40,39,51.48,97.5,9.27,90.73,1,80.97,1,1
ST0794,Sai Reddy,SRM AP,40,26,33.42,65.0,25.12,74.88,1,59.96,0,0
ST0795,Nikhil Sharma,Gudlavalleru Engg,40,40,53.65,100.0,4.96,95.04,1,83.51,1,1
ST0796,Keerthana Rao,VIT AP,40,40,52.32,100.0,4.76,95.24,1,83.57,1,1
ST0797,Jay Rao,Narasaraopeta Engg,40,34,44.8,85.0,19.47,80.53,1,71.66,1,1
ST0798,Praveen Sharma,CBIT,40,34,44.68,85.0,19.45,80.55,1,71.66,1,1
ST0799,Teja Singh,RVRJC,40,39,49.75,97.5,9.15,90.85,1,81.0,1,1
ST0800,Jay Yadav,Malla Reddy,40,35,46.85,87.5,18.45,81.55,1,73.21,1,1
ST0801,Harsha Gupta,Prasad V Potluri,40,21,27.62,52.5,26.85,73.15,1,53.19,0,0
ST0802,Vikram Verma,VNR VJIET,40,36,46.75,90.0,16.22,83.78,1,75.13,1,1
ST0803,Rahul Verma,LBRCE,40,26,35.2,65.0,26.41,73.59,1,59.58,0,0
ST0804,Teja Yadav,CMR College,40,29,37.52,72.5,23.68,76.32,1,64.15,0,0
ST0805,Varun Rao,VVIT,40,26,35.17,65.0,26.3,73.7,1,59.61,0,0
ST0806,Vikram Naidu,VNR VJIET,40,29,37.0,72.5,23.41,76.59,1,64.23,0,0
ST0807,Jay Verma,Bapatla Engg,40,34,45.35,85.0,19.6,80.4,1,71.62,1,1
ST0808,Sanjay Gupta,KL University,40,30,38.8,75.0,23.01,76.99,1,65.6,0,0
ST0809,Teja Gupta,VIT AP,40,40,53.0,100.0,4.33,95.67,1,83.7,1,1
ST0810,Kiran Rao,KITS,40,28,36.02,70.0,24.24,75.76,1,62.73,0,0
ST0811,Teja Naidu,KL University,40,28,36.3,70.0,24.32,75.68,1,62.7,0,0
ST0812,Jay Yadav,ANITS,40,40,52.48,100.0,4.26,95.74,1,83.72,1,1
ST0813,Jay Yadav,VNR VJIET,40,27,35.08,67.5,24.88,75.12,1,61.28,0,0
ST0814,Teja Sharma,ANITS,40,34,43.8,85.0,19.04,80.96,1,71.79,1,1
ST0815,Rohit Reddy,JNTUK,40,33,43.22,82.5,20.61,79.39,1,70.07,1,1
ST0816,Harsha Kumar,JNTUK,40,25,33.22,62.5,26.31,73.69,1,58.36,0,0
ST0817,Praveen Gupta,KITS,40,39,51.6,97.5,9.61,90.39,1,80.87,1,1
ST0818,Praveen Singh,Malla Reddy,40,33,42.38,82.5,20.19,79.81,1,70.19,1,1
ST0819,Sanjay Sharma,VNR VJIET,40,40,52.8,100.0,4.81,95.19,1,83.56,1,1
ST0820,Kiran Reddy,Aditya Engineering,40,35,45.28,87.5,17.86,82.14,1,73.39,1,1
ST0821,Divya Reddy,Andhra Loyola,40,38,49.08,95.0,12.07,87.93,1,78.88,1,1
ST0822,Akhil Patel,Malla Reddy,40,37,48.7,92.5,14.71,85.29,1,76.84,1,1
ST0823,Praveen Singh,KL University,40,40,51.9,100.0,4.52,95.48,1,83.64,1,1
ST0824,Harsha Sharma,Aditya Engineering,40,33,44.1,82.5,21.01,78.99,1,69.95,1,1
ST0825,Sai Verma,MREC,40,27,35.25,67.5,25.09,74.91,1,61.22,0,0
ST0826,Sai Verma,RVRJC,40,34,44.48,85.0,19.3,80.7,1,71.71,1,1
ST0827,Jay Sharma,RGUKT,40,31,41.62,77.5,23.19,76.81,1,66.79,0,0
ST0828,Nikhil Yadav,Gudlavalleru Engg,40,30,39.52,75.0,23.49,76.51,1,65.45,0,0
ST0829,Divya Naidu,LBRCE,40,33,42.25,82.5,20.15,79.85,1,70.2,1,1
ST0830,Sai Patel,RVRJC,40,26,33.95,65.0,25.5,74.5,1,59.85,0,0
ST0831,Sai Reddy,JNTUH,40,34,45.58,85.0,19.81,80.19,1,71.56,1,1
ST0832,Akhil Rao,VVIT,40,32,43.08,80.0,22.15,77.85,1,68.36,1,1
ST0833,Sai Rao,VIT AP,40,40,52.92,100.0,4.59,95.41,1,83.62,1,1
ST0834,Akhil Verma,JNTUK,40,31,41.5,77.5,22.93,77.07,1,66.87,0,0
ST0835,Kiran Sharma,ANITS,40,18,23.75,45.0,26.75,73.25,1,49.47,0,0
ST0836,Teja Singh,Prasad V Potluri,40,30,38.48,75.0,22.78,77.22,1,65.67,0,0
ST0837,Rahul Gupta,SRM AP,40,26,33.98,65.0,25.53,74.47,1,59.84,0,0
ST0838,Akhil Gupta,Bapatla Engg,40,33,43.35,82.5,20.7,79.3,1,70.04,1,1
ST0839,Kiran Gupta,ANITS,40,40,54.1,100.0,4.77,95.23,1,83.57,1,1
ST0840,Rohit Reddy,Narasaraopeta Engg,40,36,47.18,90.0,16.42,83.58,1,75.07,1,1
ST0841,Arjun Singh,VNR VJIET,40,32,42.35,80.0,21.86,78.14,1,68.44,1,1
ST0842,Rohit Rao,VNR VJIET,40,30,40.95,75.0,24.12,75.88,1,65.26,0,0
ST0843,Arjun Yadav,Aditya Engineering,40,22,28.22,55.0,26.1,73.9,1,54.67,0,0
ST0844,Sai Patel,RGUKT,40,30,39.5,75.0,23.43,76.57,1,65.47,0,0
ST0845,Rohit Gupta,VIT AP,40,35,45.02,87.5,17.7,82.3,1,73.44,1,1
ST0846,Arjun Gupta,VVIT,40,40,51.92,100.0,4.46,95.54,1,83.66,1,1
ST0847,Keerthana Reddy,Prasad V Potluri,40,40,52.0,100.0,4.53,95.47,1,83.64,1,1
ST0848,Anil Yadav,VVIT,40,38,49.88,95.0,12.57,87.43,1,78.73,1,1
ST0849,Nikhil Naidu,JNTUH,40,29,37.72,72.5,23.86,76.14,1,64.09,0,0
ST0850,Praveen Singh,CBIT,40,25,32.52,62.5,25.7,74.3,1,58.54,0,0
ST0851,Rohit Gupta,KL University,40,33,42.38,82.5,20.14,79.86,1,70.21,1,1
ST0852,Varun Verma,RGUKT,40,31,39.95,77.5,22.2,77.8,1,67.09,0,0
ST0853,Pooja Rao,Gudlavalleru Engg,40,40,52.72,100.0,3.74,96.26,1,83.88,1,1
ST0854,Teja Naidu,MREC,40,36,47.3,90.0,16.46,83.54,1,75.06,1,1
ST0855,Nikhil Reddy,KL University,40,29,38.15,72.5,24.18,75.82,1,64.0,0,0
ST0856,Kiran Gupta,ANITS,40,34,44.32,85.0,19.33,80.67,1,71.7,1,1
ST0857,Arjun Reddy,VNR VJIET,40,34,44.2,85.0,19.16,80.84,1,71.75,1,1
ST0858,Varun Sharma,JNTUK,40,30,40.02,75.0,23.8,76.2,1,65.36,0,0
ST0859,Rahul Sharma,VNR VJIET,40,16,21.35,40.0,26.63,73.37,1,47.01,0,0
ST0860,Keerthana Gupta,MREC,40,32,41.8,80.0,21.56,78.44,1,68.53,1,1
ST0861,Nikhil Patel,LBRCE,40,32,41.68,80.0,21.37,78.63,1,68.59,1,1
ST0862,Praveen Singh,AEC,40,30,39.42,75.0,23.33,76.67,1,65.5,0,0
ST0863,Sai Patel,KITS,40,38,50.3,95.0,12.3,87.7,1,78.81,1,1
ST0864,Teja Gupta,KITS,40,35,46.2,87.5,18.32,81.68,1,73.25,1,1
ST0865,Sanjay Sharma,CBIT,40,40,52.6,100.0,4.57,95.43,1,83.63,1,1
ST0866,Sanjay Yadav,JNTUK,40,24,31.45,60.0,26.27,73.73,1,57.12,0,0
ST0867,Sanjay Yadav,VNR VJIET,40,40,52.15,100.0,5.74,94.26,1,83.28,1,1
ST0868,Divya Gupta,Malla Reddy,40,39,50.98,97.5,9.48,90.52,1,80.91,1,1
ST0869,Teja Verma,GITAM,40,38,50.6,95.0,12.45,87.55,1,78.77,1,1
ST0870,Varun Naidu,VNR VJIET,40,32,41.48,80.0,21.37,78.63,1,68.59,1,1
ST0871,Pooja Gupta,MREC,40,38,50.55,95.0,12.47,87.53,1,78.76,1,1
ST0872,Varun Patel,Bapatla Engg,40,24,32.3,60.0,26.99,73.01,1,56.9,0,0
ST0873,Kiran Kumar,AEC,40,40,52.6,100.0,5.32,94.68,1,83.4,1,1
ST0874,Akhil Gupta,GITAM,40,40,52.2,100.0,4.43,95.57,1,83.67,1,1
ST0875,Keerthana Naidu,Narasaraopeta Engg,40,34,45.52,85.0,19.88,80.12,1,71.54,1,1
ST0876,Vikram Reddy,ANITS,40,33,44.6,82.5,21.29,78.71,1,69.86,1,1
ST0877,Keerthana Yadav,AEC,40,40,51.1,100.0,4.52,95.48,1,83.64,1,1
ST0878,Rohit Singh,Aditya Engineering,40,26,34.25,65.0,25.69,74.31,1,59.79,0,0
ST0879,Rohit Reddy,MREC,40,38,50.75,95.0,12.59,87.41,1,78.72,1,1
ST0880,Harsha Singh,GITAM,40,35,45.95,87.5,18.05,81.95,1,73.33,1,1
ST0881,Pooja Rao,NRI Institute,40,32,41.95,80.0,21.74,78.26,1,68.48,1,1
ST0882,Pooja Patel,NRI Institute,40,34,43.38,85.0,18.86,81.14,1,71.84,1,1
ST0883,Nikhil Singh,GITAM,40,24,31.85,60.0,26.66,73.34,1,57.0,0,0
ST0884,Varun Naidu,CBIT,40,38,49.92,95.0,12.42,87.58,1,78.77,1,1
ST0885,Divya Singh,KITS,40,35,46.6,87.5,18.21,81.79,1,73.29,1,1
ST0886,Divya Reddy,LBRCE,40,39,52.3,97.5,9.67,90.33,1,80.85,1,1
ST0887,Harsha Gupta,Narasaraopeta Engg,40,31,39.72,77.5,22.07,77.93,1,67.13,0,0
ST0888,Sai Yadav,SRM AP,40,38,50.3,95.0,12.5,87.5,1,78.75,1,1
ST0889,Kiran Patel,Bapatla Engg,40,35,44.95,87.5,17.72,82.28,1,73.44,1,1
ST0890,Rohit Reddy,RVRJC,40,39,50.85,97.5,9.53,90.47,1,80.89,1,1
ST0891,Akhil Gupta,KITS,40,28,36.22,70.0,24.37,75.63,1,62.69,0,0
ST0892,Kiran Singh,GITAM,40,40,52.88,100.0,4.63,95.37,1,83.61,1,1
ST0893,Divya Yadav,Andhra Loyola,40,20,25.95,50.0,26.51,73.49,1,52.05,0,0
ST0894,Sanjay Verma,VIT AP,40,33,44.1,82.5,20.99,79.01,1,69.95,1,1
ST0895,Nikhil Sharma,Narasaraopeta Engg,40,23,30.1,57.5,26.53,73.47,1,55.79,0,0
ST0896,Akhil Rao,RGUKT,40,38,50.65,95.0,12.68,87.32,1,78.7,1,1
ST0897,Pooja Rao,JNTUH,40,32,42.58,80.0,21.97,78.03,1,68.41,1,1
ST0898,Pooja Rao,JNTUK,40,40,52.78,100.0,5.17,94.83,1,83.45,1,1
ST0899,Anil Kumar,Andhra Loyola,40,37,47.88,92.5,14.51,85.49,1,76.9,1,1
ST0900,Arjun Sharma,ANITS,40,32,41.95,80.0,21.68,78.32,1,68.5,1,1
ST0901,Divya Patel,Andhra Loyola,40,40,53.62,100.0,5.47,94.53,1,83.36,1,1
ST0902,Akhil Sharma,VVIT,40,40,53.82,100.0,4.75,95.25,1,83.57,1,1
ST0903,Sanjay Yadav,NRI Institute,40,27,34.12,67.5,24.17,75.83,1,61.5,0,0
ST0904,Divya Rao,RGUKT,40,25,32.52,62.5,25.74,74.26,1,58.53,0,0
ST0905,Teja Yadav,CMR College,40,22,29.2,55.0,26.91,73.09,1,54.43,0,0
ST0906,Pooja Patel,RGUKT,40,40,51.95,100.0,4.66,95.34,1,83.6,1,1
ST0907,Rahul Kumar,VVIT,40,40,52.25,100.0,4.6,95.4,1,83.62,1,1
ST0908,Anil Singh,VIT AP,40,28,37.3,70.0,25.09,74.91,1,62.47,0,0
ST0909,Divya Singh,MREC,40,35,46.28,87.5,18.17,81.83,1,73.3,1,1
ST0910,Kiran Patel,CBIT,40,30,38.7,75.0,22.94,77.06,1,65.62,0,0
ST0911,Rohit Naidu,LBRCE,40,21,27.8,52.5,26.92,73.08,1,53.17,0,0
ST0912,Akhil Naidu,Gudlavalleru Engg,40,26,32.6,65.0,24.45,75.55,1,60.16,0,0
ST0913,Divya Yadav,AEC,40,34,45.38,85.0,19.78,80.22,1,71.57,1,1
ST0914,Divya Gupta,CMR College,40,18,23.2,45.0,26.17,73.83,1,49.65,0,0
ST0915,Arjun Yadav,KITS,40,31,41.25,77.5,22.85,77.15,1,66.89,0,0
ST0916,Keerthana Kumar,MREC,40,39,50.98,97.5,9.37,90.63,1,80.94,1,1
ST0917,Harsha Singh,KL University,40,37,49.9,92.5,15.11,84.89,1,76.72,1,1
ST0918,Harsha Singh,JNTUK,40,35,46.22,87.5,18.09,81.91,1,73.32,1,1
ST0919,Arjun Sharma,VIT AP,40,34,45.35,85.0,19.7,80.3,1,71.59,1,1
ST0920,Vikram Naidu,CMR College,40,30,39.98,75.0,23.74,76.26,1,65.38,0,0
ST0921,Vikram Kumar,AEC,40,40,53.7,100.0,4.74,95.26,1,83.58,1,1
ST0922,Arjun Singh,Andhra Loyola,40,33,42.35,82.5,20.12,79.88,1,70.21,1,1
ST0923,Vikram Rao,VIT AP,40,40,52.08,100.0,4.2,95.8,1,83.74,1,1
ST0924,Rahul Rao,VNR VJIET,40,18,23.55,45.0,26.55,73.45,1,49.53,0,0
ST0925,Teja Singh,AEC,40,15,19.15,37.5,25.16,74.84,1,46.2,0,0
ST0926,Arjun Verma,Andhra Loyola,40,27,36.08,67.5,25.55,74.45,1,61.09,0,0
ST0927,Praveen Gupta,VVIT,40,33,44.18,82.5,20.98,79.02,1,69.95,1,1
ST0928,Nikhil Verma,MREC,40,28,37.02,70.0,24.87,75.13,1,62.54,0,0
ST0929,Sanjay Reddy,KITS,40,31,40.62,77.5,22.54,77.46,1,66.99,0,0
ST0930,Jay Yadav,JNTUH,40,30,38.75,75.0,23.08,76.92,1,65.58,0,0
ST0931,Sai Sharma,CBIT,40,37,47.9,92.5,14.44,85.56,1,76.92,1,1
ST0932,Nikhil Kumar,GITAM,40,32,41.25,80.0,21.24,78.76,1,68.63,1,1
ST0933,Teja Patel,JNTUK,40,28,36.33,70.0,24.32,75.68,1,62.7,0,0
ST0934,Keerthana Rao,KITS,40,40,52.15,100.0,4.12,95.88,1,83.76,1,1
ST0935,Akhil Reddy,LBRCE,40,37,49.92,92.5,15.12,84.88,1,76.71,1,1
ST0936,Kiran Verma,AEC,40,27,34.6,67.5,24.56,75.44,1,61.38,0,0
ST0937,Nikhil Kumar,Aditya Engineering,40,34,44.3,85.0,19.52,80.48,1,71.65,1,1
ST0938,Kiran Yadav,SRM AP,40,39,50.88,97.5,9.42,90.58,1,80.92,1,1
ST0939,Vikram Verma,Prasad V Potluri,40,40,51.92,100.0,4.65,95.35,1,83.61,1,1
ST0940,Sai Patel,Gudlavalleru Engg,40,31,40.65,77.5,22.61,77.39,1,66.97,0,0
ST0941,Akhil Singh,CMR College,40,38,51.12,95.0,12.58,87.42,1,78.73,1,1
ST0942,Praveen Naidu,JNTUK,40,27,34.8,67.5,24.86,75.14,1,61.29,0,0
ST0943,Harsha Singh,Bapatla Engg,40,35,45.75,87.5,18.1,81.9,1,73.32,1,1
ST0944,Harsha Reddy,Malla Reddy,40,36,47.62,90.0,16.91,83.09,1,74.93,1,1
ST0945,Akhil Sharma,JNTUK,40,33,43.68,82.5,20.87,79.13,1,69.99,1,1
ST0946,Praveen Yadav,MREC,40,38,49.65,95.0,12.34,87.66,1,78.8,1,1
ST0947,Kiran Reddy,Narasaraopeta Engg,40,28,36.88,70.0,24.67,75.33,1,62.6,0,0
ST0948,Jay Yadav,SRM AP,40,34,45.0,85.0,19.6,80.4,1,71.62,1,1
ST0949,Teja Verma,RGUKT,40,34,44.72,85.0,19.48,80.52,1,71.66,1,1
ST0950,Kiran Yadav,VNR VJIET,40,33,43.7,82.5,20.8,79.2,1,70.01,1,1
ST0951,Arjun Sharma,CMR College,40,38,50.45,95.0,12.55,87.45,1,78.73,1,1
ST0952,Praveen Naidu,SRM AP,40,26,34.8,65.0,26.11,73.89,1,59.67,0,0
ST0953,Jay Naidu,Malla Reddy,40,31,41.2,77.5,22.86,77.14,1,66.89,0,0
ST0954,Sanjay Singh,VIT AP,40,32,41.65,80.0,21.49,78.51,1,68.55,1,1
ST0955,Rohit Sharma,NRI Institute,40,36,47.35,90.0,16.46,83.54,1,75.06,1,1
ST0956,Rahul Singh,Malla Reddy,40,36,48.02,90.0,16.94,83.06,1,74.92,1,1
ST0957,Rohit Rao,Bapatla Engg,40,40,51.95,100.0,4.22,95.78,1,83.73,1,1
ST0958,Akhil Patel,JNTUH,40,32,42.38,80.0,21.91,78.09,1,68.43,1,1
ST0959,Rahul Kumar,Andhra Loyola,40,21,27.35,52.5,26.57,73.43,1,53.28,0,0
ST0960,Keerthana Naidu,Gudlavalleru Engg,40,23,29.72,57.5,26.24,73.76,1,55.88,0,0
ST0961,Harsha Verma,AEC,40,35,47.15,87.5,18.62,81.38,1,73.16,1,1
ST0962,Teja Gupta,GITAM,40,30,39.92,75.0,23.66,76.34,1,65.4,0,0
ST0963,Kiran Singh,ANITS,40,36,45.38,90.0,15.73,84.27,1,75.28,1,1
ST0964,Nikhil Gupta,GITAM,40,40,52.08,100.0,4.85,95.15,1,83.54,1,1
ST0965,Vikram Kumar,AEC,40,30,39.25,75.0,23.37,76.63,1,65.49,0,0
ST0966,Sanjay Kumar,MREC,40,28,36.22,70.0,24.3,75.7,1,62.71,0,0
ST0967,Teja Reddy,Bapatla Engg,40,28,37.95,70.0,25.56,74.44,1,62.33,0,0
ST0968,Akhil Rao,VNR VJIET,40,37,48.55,92.5,14.77,85.23,1,76.82,1,1
ST0969,Anil Yadav,MREC,40,29,38.78,72.5,24.57,75.43,1,63.88,0,0
ST0970,Varun Patel,CBIT,40,29,36.9,72.5,23.34,76.66,1,64.25,0,0
ST0971,Praveen Rao,Gudlavalleru Engg,40,27,35.0,67.5,24.8,75.2,1,61.31,0,0
ST0972,Praveen Rao,SRM AP,40,23,29.38,57.5,25.87,74.13,1,55.99,0,0
ST0973,Sai Singh,Malla Reddy,40,20,25.6,50.0,26.14,73.86,1,52.16,0,0
ST0974,Nikhil Gupta,Malla Reddy,40,30,39.75,75.0,23.63,76.37,1,65.41,0,0
ST0975,Kiran Verma,RGUKT,40,35,46.78,87.5,18.3,81.7,1,73.26,1,1
ST0976,Nikhil Yadav,AEC,40,39,51.22,97.5,9.31,90.69,1,80.96,1,1
ST0977,Harsha Sharma,Gudlavalleru Engg,40,39,49.95,97.5,9.04,90.96,1,81.04,1,1
ST0978,Arjun Rao,AEC,40,40,52.15,100.0,5.36,94.64,1,83.39,1,1
ST0979,Rohit Rao,Prasad V Potluri,40,34,45.2,85.0,19.58,80.42,1,71.63,1,1
ST0980,Jay Yadav,GITAM,40,34,44.75,85.0,19.63,80.37,1,71.61,1,1
